target_file,sha256,rows,valid_rows,invalid_rows,nonpositive_error_rows,exact_duplicate_rows,exact_duplicate_fraction,repeated_epoch_rows,repeated_epoch_fraction,conflicting_epoch_rows,reference_count,instrument_count,provenance_confounded,untraceable_rows,rv_full_span,rv_robust_90pct_span,full_to_robust_span_ratio,median_uncertainty,inference_ready
14_Her_RV.csv,f0ab40a3d6e369ab4d209203e7f712bc8bfc918cde2ae3f8b3f2f8228056645a,1227,1227,0,0,0,0.0,611,0.4979625101874491,611,10,1,True,0,14118.41,13994.440999999999,1.0088584460072396,1.19,False
16_Cyg_B_RV.csv,e3eac9d3d4effd837f8f0ca8752d371c4159dbca157487cc25be48d2308b4efc,1390,1390,0,0,0,0.0,404,0.2906474820143885,404,3,1,True,0,136.63,94.64399999999998,1.4436203034529398,2.35,False
47_UMa_RV.csv,8754032f7e6a890f783f7d3dd40bfd6136744cd958d74985ef2deba4810523f1,1645,1645,0,0,0,0.0,253,0.15379939209726443,253,8,1,True,0,11364.640000000001,11226.434000000001,1.0123107658228785,3.57,False
51_Peg_RV.csv,968aa519ff37d13d74ea80c4ea39774b525eb737687bf5236cd0f0a3baaf087d,2205,2205,0,0,0,0.0,990,0.4489795918367347,990,10,1,True,0,33509.32,33338.866,1.005112771382206,3.1,False
55_Cnc_RV.csv,08c1ed3a984f58cf7b3f543858449121230abe261114366477a764b7aed4d644,3918,3918,0,0,0,0.0,734,0.18734047983665136,734,9,1,True,0,29090.7528017868,27467.175669498287,1.0591097225220525,1.31145,False
61_Vir_RV.csv,ec7040fd4a3d3a0a27e246dd636312147b6a4eb551f850198ff000ee157390e6,3216,3216,0,0,0,0.0,646,0.20087064676616914,646,6,1,True,0,8585.6,7900.855329212483,1.0866671571944564,0.88585,False
70_Vir_RV.csv,6637f93f76ef0b05db3554ebf21f1da9e5d9592b8602ff8642ac35f16dd33149,993,993,0,0,0,0.0,442,0.44511581067472306,442,7,1,True,0,5701.55,5165.324,1.1038126553145553,2.0735,False
91_Aqr_RV.csv,46e56e15c4900d0e9d51019f68cdd919900de653c743564510b0d5f451e2d7e0,199,199,0,0,0,0.0,0,0.0,0,1,1,False,0,26081.6934659112,26048.19478774396,1.0012860268606023,5.0,True
AU_Mic_RV.csv,af02daa3d2088fb6f7884bd7edb70d3153aae944696205f60ae3db4d7ed10f42,478,478,0,0,0,0.0,24,0.0502092050209205,24,2,1,True,0,22783.309091998603,4636.896811762236,4.9134820154300325,3.2241137308944,False
Barnard_s_star_RV.csv,de3cdd75a8346a1866b9353873ba376fce09cd092def9f97030adb3d288491a8,1138,1138,0,0,0,0.0,300,0.26362038664323373,300,4,1,True,0,110516.17,110271.27628578384,1.0022208295982853,1.34,False
BD-08_2823_RV.csv,6cc8adf7dd6fa44b6cd2e836a0a62d67370c9da4c4087448c8adbbe93e0f3669,199,199,0,0,0,0.0,0,0.0,0,2,1,True,0,55.695179467700655,38.45326395549637,1.44838626786426,1.69064960328755,False
CoRoT-7_RV.csv,9f1a20a50ae3e737005da03a6faaf15b4b857dcd861af073756a414c3463cdca,318,318,0,0,0,0.0,0,0.0,0,2,1,True,0,209.96466455850168,184.82260590431542,1.136033460469671,1.846621232168745,False
EPIC_229004835_RV.csv,c8c57481965d8dc3350d91c741be80bf49ef630bfe9ea70580c1734a742a8a37,258,258,0,0,0,0.0,246,0.9534883720930233,246,0,1,False,0,120.225767579901,14.090239372875658,8.532556786177883,1.514467067899755,False
GJ_1148_RV.csv,e3aaebb5ebb880389d754129c24063884d82568327908adb21658646e502d111,305,305,0,0,0,0.0,62,0.20327868852459016,62,7,1,True,0,9611.19,8982.108000000002,1.070037234021234,2.4,False
GJ_1214_RV.csv,1543bba260549781fa72c0d23d29957ec675b81d28fc7a594fb5803e003b5b77,197,197,0,0,0,0.0,0,0.0,0,1,1,False,0,25207.7469573271,21173.326923347362,1.1905425655866615,5.52302995254468,True
GJ_15_A_RV.csv,52fe13a06a29d2d8d99c35a1c40d12f0cbadd09b9d4608290fb4108e173a4809,954,954,0,0,0,0.0,242,0.25366876310272535,242,6,1,True,0,11972.369999999999,11891.648,1.006788125581921,1.08,False
GJ_163_RV.csv,050e738d8d4c23da67bdf1b074c8ce24fccb7e131574a2122c3843383a491757,212,212,0,0,0,0.0,0,0.0,0,0,1,False,0,34827.5631926107,536.7203357914696,64.88959122678399,7.644664735175844,False
GJ_179_RV.csv,640040928a2af18b59da2f924fbc3535025bae062f91ad970a5689a233a4051d,218,218,0,0,0,0.0,70,0.3211009174311927,70,3,1,True,0,8705.99427296743,8661.983010110818,1.0050809685040063,2.705,False
GJ_180_RV.csv,9bd24bd0e9dfda96f5edfa21c1ec84799e37ccdd6ced65dcd58a6e803bc6eed3,219,219,0,0,0,0.0,44,0.2009132420091324,44,2,1,True,0,14311.7865473356,14295.190257756549,1.001160970178067,1.82,False
GJ_229_RV.csv,65b77c7da5c1fe667afd3fd84ebe4227e9f662d60ddd2107a75bfa5b2d24c95f,327,327,0,0,0,0.0,60,0.1834862385321101,60,3,1,True,0,27870.976027646502,4883.305858201809,5.707399216216511,0.5680714054598249,False
GJ_251_RV.csv,b3bf70593c6914a0f982d52086fe33ef09ef30c8d253189b2585b153bdedbfaa,331,331,0,0,0,0.0,218,0.6586102719033232,218,6,1,True,0,23078.01,23007.34,1.0030716284455308,2.1277,False
GJ_273_RV.csv,88ce7963637f8e113d6ce04200cf6bb3f3b1f2ba51bc91682becacc79b1070ad,507,507,0,0,0,0.0,62,0.1222879684418146,62,3,1,True,0,25631.2506019857,18441.32349225384,1.3898812963587968,1.16988759732224,False
GJ_3138_RV.csv,240540366b9e8140df9ddf32463afe141d227c3d8ddb1edd9318211901b90956,216,216,0,0,0,0.0,0,0.0,0,0,1,False,0,29.66822940359998,16.22349705002307,1.8287197459414455,2.7107703370626597,True
GJ_317_RV.csv,06c301e7c0398461b04b731e92f229dc6b814faf726451a80bcf7960e835b8fe,278,278,0,0,0,0.0,47,0.16906474820143885,47,3,1,True,0,88307.57082283549,88213.40390634467,1.0010674898861267,3.0031679776731304,False
GJ_3293_RV.csv,f413c99049d76b0e0acf545c463aa4350d3080cf9aab5555fc39d4a0a69e8781,217,217,0,0,0,0.0,0,0.0,0,0,1,False,0,45.825825187999726,27.5890210603593,1.6610167170390686,3.19573249602997,True
GJ_3470_RV.csv,efee9868c1650170914570e5eb84a1d66d902a09ab7fa821854a891aa9ff2476,217,217,0,0,0,0.0,0,0.0,0,2,1,True,0,28811.9015687309,25260.847999999998,1.1405753903721245,4.53309776988944,False
GJ_367_RV.csv,d37ff3569fe62d4662286f657bd6b4d7245395af11fabec982dce654491cd4de,402,402,0,0,0,0.0,0,0.0,0,0,1,False,0,2689.7509120426985,15.39369738815003,174.73066049182253,0.9862615097532375,False
GJ_393_RV.csv,c5d5f6c5f7381829fdde85ec73f8e8ddde16773644cfcae8a9803acb1a3b3891,336,336,0,0,0,0.0,80,0.23809523809523808,80,3,1,True,0,8601.506452825352,8487.803223712726,1.0133960727075961,1.132175901896205,False
GJ_411_RV.csv,7857f4509924935d811d6306c30a3539e7460eaab06dedc88180916215d6a227,1250,1250,0,0,0,0.0,602,0.4816,602,6,1,True,0,1083666.3,84624.76200000002,12.805546206440141,1.38,False
GJ_414_A_RV.csv,c453375e8a0e08062be7eae5d377b6bec9826b643a61191bb6bbcd31cc634089,575,575,0,0,0,0.0,82,0.1426086956521739,82,6,1,True,0,16292.37,24.552999999999997,663.5592391968396,1.9442,False
GJ_433_RV.csv,af34eb70432e8b90749faef90879094301788e5b0bb48acb3f8aa81e29164bba,320,320,0,0,0,0.0,40,0.125,40,3,1,True,0,18135.5834504946,18121.314583575262,1.0007874079363024,3.13,False
GJ_436_RV.csv,e8e48a4426995faca60c28f97aff6cd11b01979249049c4d91a8f375324eb673,1122,1122,0,0,0,0.0,367,0.3270944741532977,367,8,1,True,0,9853.80935962013,9828.70744079836,1.0025539389561617,2.16,False
GJ_480_RV.csv,0ce2c7198c765b2c6de53b03e2f2b1a0497fc275311317fee5bea8f96d46d188,209,209,0,0,0,0.0,132,0.631578947368421,132,5,1,True,0,4786.77,4170.132,1.1478701393624953,4.13,False
GJ_514_RV.csv,ff206b7569cab82efa5c8c91ad445908375c34ea706d6b8ea592bb7f35753d13,491,491,0,0,0,0.0,168,0.3421588594704684,168,5,1,True,0,999008.89,14700.96430722435,67.95533062474459,1.35,False
GJ_536_RV.csv,f08f77b7790611f5df52281fe2656b2d82fe6e53346ab3dec4d8caf42830ce63,341,341,0,0,0,0.0,64,0.187683284457478,64,2,1,True,0,25701.8827746829,25685.232657122797,1.0006482369765681,1.37538170640084,False
GJ_581_RV.csv,edb99755232f6f8199c18d7aea5aa1099c4f994e0613baf169cfa37cf9b5b30e,1309,1309,0,0,0,0.0,276,0.2108479755538579,276,5,1,True,0,9251.24,9226.88,1.002640112367344,1.54,False
GJ_625_RV.csv,dc9282620f176f92bee71d2c648f7196957225b2d0ba6874d23fbd48a9474478,195,195,0,0,0,0.0,178,0.9128205128205128,178,5,1,True,0,13027.51,12988.686,1.0029890629429337,2.272,False
GJ_649_RV.csv,7190f4a5f219d65a0bb2e3ae95327bd360ea6e1c24937262bc25d122de797927,272,272,0,0,0,0.0,128,0.47058823529411764,128,6,1,True,0,4479.6399408588895,4425.288500000001,1.0122820107341903,1.67,False
GJ_667_C_RV.csv,56799dd6dbb19481a4f7f0cb6856d6f046d963d97167792a772bce1f1b35b849,363,363,0,0,0,0.0,34,0.09366391184573003,34,2,1,True,0,6544.86980141386,6520.147071445156,1.00379174421954,1.3476024909254198,False
GJ_674_RV.csv,e18733ab399b31854359223f07eee7baf45cb2ea827f51f8bf7775d5d5ed9dd3,297,297,0,0,0,0.0,0,0.0,0,1,1,False,0,51.46402728400017,34.485595895141614,1.4923340005631307,1.02372456099955,True
GJ_676_A_RV.csv,838a33ffd6b0a20c0307b54381345a4495776ad571ab59b4507c19d433222b90,213,213,0,0,0,0.0,0,0.0,0,1,1,False,0,39383.076039595,39302.04779797588,1.0020616798909723,1.3067486379564102,True
GJ_687_RV.csv,ef90fb2cdd1e89cc6215ed6a0906233c68a2e9680ef9048f381115351ff250a5,474,474,0,0,0,0.0,330,0.6962025316455697,330,5,1,True,0,28753.68,28715.488,1.0013300139631964,1.32,False
GJ_720_A_RV.csv,da686c4e1f79f519cebd1dc3eb5f7b051516782d520f9bcf7c6fed4f89f3cfab,385,385,0,0,0,0.0,378,0.9818181818181818,378,3,1,True,0,1030868.41,432.14600000000064,2385.4632693580375,2.802,False
GJ_806_RV.csv,937448cc198d91a576db6e031d9a8248db9d2cfd027bd78d9fec4c82d20a6f2c,295,295,0,0,0,0.0,168,0.5694915254237288,168,6,1,True,0,24780.690000000002,24646.839,1.0054307572666825,2.3167,False
GJ_832_RV.csv,3d36c4ffd5dc0ef8d1e8731a30e984db9f53917834848ec489ca94b3a88f9876,221,221,0,0,0,0.0,0,0.0,0,1,1,False,0,13331.740169832901,13309.8361324233,1.0016457030117931,0.802681546744911,True
GJ_849_RV.csv,c83de5ab0c27c025d57256a08671d8d3f55ee840196debe9a96b1379aa845ed2,477,477,0,0,0,0.0,221,0.46331236897274636,221,4,1,True,0,15165.7787109812,15117.605597426798,1.0031865571068082,1.6339,False
GJ_86_RV.csv,cb05cba084bcbde8927eb779c624a48a1a0fb775407fdf7b5cc97cb115365888,277,277,0,0,0,0.0,0,0.0,0,4,1,True,0,60068.5,57334.9115807016,1.0476775553312008,3.4,False
GJ_876_RV.csv,9de44d98240ff8b578ecd06e1506d4332e12b361da23ea49abae022b8043ddef,1232,1232,0,0,0,0.0,380,0.30844155844155846,380,6,1,True,0,2039.66181365062,1738.3480323956064,1.17333340369119,2.0578000000000003,False
GJ_887_RV.csv,805dd9034f73e282c0ba87d64df89128136cbb2d3d42d1da64958e5d913e01fe,1072,1072,0,0,0,0.0,114,0.10634328358208955,114,2,1,True,0,9015.95219494259,8999.622455887356,1.001814491567316,0.731508236286551,False
GJ_96_RV.csv,d18959377cd54d767fc165552e499f130446a2994e0be077003d9fe956cc6cb8,248,248,0,0,0,0.0,202,0.8145161290322581,202,5,1,True,0,37942.32,37891.711500000005,1.0013356087122112,2.0265,False
GJ_9827_RV.csv,8f2e0ff4bcf17d1e3c9a616dbf79e05231af43c0c3da2082723a048eaaf97aeb,642,642,0,0,0,0.0,98,0.1526479750778816,98,0,1,False,0,100025023.06149425,19.364047540340835,5165501.832874227,1.311657326334205,False
Gl_686_RV.csv,26cb374fe479ee8225faf66669567d5312fb968e031623c8c90788930ff41114,532,532,0,0,0,0.0,354,0.6654135338345865,354,5,1,True,0,9552.650000000001,9466.869499999999,1.0090611262783333,2.0,False
HAT-P-2_RV.csv,8a0c6152dd228546e00b30c52385c4635e1f134a706ff81426fb30fbafa03c8d,363,363,0,0,0,0.0,8,0.02203856749311295,8,5,1,True,0,22997.87,21408.598000000005,1.0742352208210921,10.13,False
HD_10180_RV.csv,35c4d0f196d27b14c5672da20aa9dd1f9c14875fb17422b559aea1cb323e102e,342,342,0,0,0,0.0,0,0.0,0,1,1,False,0,880.0,20.064995252345398,43.85747362173618,0.6008212649118335,False
HD_104067_RV.csv,a35e068f978ae723145dde0a366f4f0e2d5e2ac31c766ad9bd6b58ddcf52462f,229,229,0,0,0,0.0,72,0.314410480349345,72,3,1,True,0,15450.88,15132.4020860974,1.0210460911685129,1.22,False
HD_106252_RV.csv,d25d43a37656a1d07b4e7a9833f2dfb2d42890b06ce333a0a47daf7aab75867d,209,209,0,0,0,0.0,82,0.3923444976076555,82,7,1,True,0,16246.7,15805.146,1.0279373566052474,9.947986469339003,False
HD_106315_RV.csv,c8add4a87a966466888aee2c6a3944fd5d3f031c1d666f8b4d91aa7f307bad0d,347,347,0,0,0,0.0,0,0.0,0,0,1,False,0,354.91801194871005,38.99482550532139,9.10166944843173,5.89617413121859,True
HD_10647_RV.csv,87d317a48a114ff1eab2ecc12bcc90e86894be47a9a375476e8fe06c70db0fa4,426,426,0,0,0,0.0,0,0.0,0,2,1,True,0,27922.5,27698.363129979676,1.0080920619376863,2.669133266749747,False
HD_10697_RV.csv,0d8350b7922428def80b097c55d588eed9f6a911f46f1d5bf248eb739e73afc4,345,345,0,0,0,0.0,185,0.5362318840579711,185,5,1,True,0,271.3,207.86399999999998,1.3051803102028252,2.0941,False
HD_107148_RV.csv,71bef26601ee32457c7f9c4afb218da04c49553ef4f19555bb1598cf17daa256,313,313,0,0,0,0.0,128,0.40894568690095845,128,3,1,True,0,46007.3751979439,27440.53644993178,1.6766208372744213,1.2439,False
HD_108147_RV.csv,a76f78d554930fd8138e24b156a2925517c801d1cc207287762e57f2a0018c12,254,254,0,0,0,0.0,0,0.0,0,3,1,True,0,5764.0,5130.995699627308,1.1233687060814865,5.45,False
HD_108874_RV.csv,b24f8bb284e9c2c8b1a1977b9baba5aa6a628a2c6567da5c40c183fd08fb6a7f,359,359,0,0,0,0.0,172,0.479108635097493,172,6,1,True,0,122.38,88.05399999999997,1.389828968587458,1.63,False
HD_113337_RV.csv,caa497d57a9a12fdf1205437e97d23d3aeddf7279dbb27d52011feb34bddbecb,331,331,0,0,0,0.0,0,0.0,0,2,1,True,0,28344.2,218.59999999999854,129.662397072279,2.676,False
HD_113996_RV.csv,9ed843d0f1754f8aaea8209b44ebb991817c01d875654ea260352087ee49329e,469,469,0,0,0,0.0,0,0.0,0,1,1,False,0,2480.0,776.0,3.195876288659794,280.0,True
HD_114729_RV.csv,3638f79e1e3cb695b4c3a6fc3399d783b80917840e8fbc9ffd64a5325431af0f,260,260,0,0,0,0.0,97,0.3730769230769231,97,4,1,True,0,64941.2641692039,64927.62163460203,1.0002101191181567,1.4445999999999999,False
HD_114783_RV.csv,151bb641973afcdcef8453683fed45241449809eeaaf64b110a8371714fdae78,520,520,0,0,0,0.0,250,0.4807692307692308,250,6,1,True,0,12896.9,11935.37778178344,1.0805606857023076,1.33,False
HD_117207_RV.csv,37331842d54e0830a4e251b12609477b5a853185319fdeb13e5b2057e84564bf,274,274,0,0,0,0.0,90,0.3284671532846715,90,4,1,True,0,17920.0828,17543.609028494764,1.021459311530128,1.23715829277684,False
HD_117618_RV.csv,5a593af3569ca46f365ac0ab0a37bdce10662946f3b5d2f2cd63134ca7e5f642,241,241,0,0,0,0.0,0,0.0,0,2,1,True,0,40073.1025944155,22172.508505362897,1.8073328322198166,1.0050733672237,False
HD_11964_RV.csv,a15ee47e7ca6ff5d45dfd7445ee1d234d7dd62c72fb9bd0fc49ba58fbc3b6d2b,830,830,0,0,0,0.0,379,0.4566265060240964,379,5,1,True,0,21180.0,9422.992389928771,2.2476936331432293,1.10775,False
HD_11977_RV.csv,1227fa374dca15c14850f9168fcc8b4d0767a198620d98cd19f32e55bbea59cd,296,296,0,0,0,0.0,0,0.0,0,0,1,False,0,170.36521633429948,30.457727613949828,5.593497272471212,0.416163591364985,True
HD_121504_RV.csv,b3a3c40f0ef7009dc202191f14a0d6c796fd721eb690f83f3a9996384ebe3181,216,216,0,0,0,0.0,0,0.0,0,2,1,True,0,680.0,149.0547481867252,4.562082109240454,1.4484610194876248,False
HD_126614_RV.csv,7e0475a61ca121c8207caab451ea0ffc3a98de8cc06d0c0ed78adb11223b2d17,203,203,0,0,0,0.0,102,0.5024630541871922,102,3,1,True,0,34330.4,190.27599999999998,180.42422586138034,1.32,False
HD_12661_RV.csv,c101a5fd0a8e5dd0819b29205a51b6ea580767ba3a291accf2460f53c4250f57,721,721,0,0,0,0.0,297,0.4119278779472954,297,7,1,True,0,217.16,173.09,1.25460742966087,2.3419,False
HD_128311_RV.csv,324c0f14b5231700d6bfec16cf3825aadd2e009f929e2522217ac5febe40b232,453,453,0,0,0,0.0,195,0.4304635761589404,195,5,1,True,0,323.95,228.57599999999996,1.4172529049419014,1.7047,False
HD_130322_RV.csv,221aae20152dc432dc9dcb44dd7865d4497ce59a8051ca8667c3879d761a0783,267,267,0,0,0,0.0,38,0.14232209737827714,38,6,1,True,0,12800.4,12696.907,1.0081510402494087,6.8,False
HD_134060_RV.csv,58f7d682a62620d437175a00246705c35811c4e1fc1d67a8d1a6f675e5f6dea8,349,349,0,0,0,0.0,0,0.0,0,1,1,False,0,560.0,12.833384929261229,43.63618819873091,0.537778284803026,False
HD_134606_RV.csv,3e74f94c43db9eca7211f196200042c988d9e33dd3cc693977c9272c6b2bcddf,293,293,0,0,0,0.0,0,0.0,0,1,1,False,0,210.0,13.315629931697913,15.770939946302812,0.474475768042535,True
HD_134987_RV.csv,f21261fac03f82a3f4b88e5c4b3590a46314a15953ae8a63f24316d4b757a1f8,562,562,0,0,0,0.0,210,0.3736654804270463,210,7,1,True,0,5171.8,5122.475305957034,1.0096290740505094,1.2144,False
HD_136118_RV.csv,01a420cc36c186f740d0ef9ee9d9f9d26c3f7933f018495acccfc39e2e9ae1d8,271,271,0,0,0,0.0,6,0.02214022140221402,6,5,1,True,0,986.8199999999999,730.6899999999999,1.3505316892252528,9.1,False
HD_136352_RV.csv,f88a7c34d1d92e95bb3846f4ed92c981feeec5c094bfd4f9668bd4dea310497a,1086,1086,0,0,0,0.0,62,0.0570902394106814,62,3,1,True,0,82892.3238718614,68747.93140548131,1.2057428082156425,0.42496163208882254,False
HD_13724_RV.csv,c257fc4690f52014d5b45e2d260c38d0b9e8801fd855dbc45aa4d4bfd6ac1137,318,318,0,0,0,0.0,0,0.0,0,1,1,False,0,659.8685939509996,299.8884365878257,2.2003802529336594,3.85274888977446,True
HD_137496_RV.csv,3a3f056595368a7a508f3ade63f282b8b26cc5745bfaae620adc72823dc31fd9,203,203,0,0,0,0.0,0,0.0,0,0,1,False,0,100302930.02530959,99977066.84930539,1.0032593792383944,2.22083756847028,True
HD_13808_RV.csv,6a2362ec011d510061516b83b3a1f3cca28b803a3153e71d907b049033929b3a,255,255,0,0,0,0.0,0,0.0,0,1,1,False,0,484.3214712205008,13.734705861876137,35.26260235137961,0.6473119148258369,False
HD_141004_RV.csv,793f53af9c3cac2e9338a1461e7f45ecb4edfc7be2a9d7bb3c5f2913f2403240,2017,2017,0,0,0,0.0,806,0.3996033713435796,806,4,1,True,0,66466.06042297359,25.989999999999988,2557.370543400293,1.5859,False
HD_141399_RV.csv,cedbcdc32326f8eb07806aaf21d987d2e45d00c577e6f9769a9eff82c524ae40,839,839,0,0,0,0.0,14,0.0166865315852205,14,5,1,True,0,27125.62,21924.946,1.2372035032606237,1.212,False
HD_145934_RV.csv,5bbc85b570d070c8e58800a627ada6421a1199c4d697ff8d5c1fc6180efe0d9f,296,296,0,0,0,0.0,207,0.6993243243243243,207,3,1,True,0,447.49,333.59999999999997,1.341396882494005,1.16,False
HD_1461_RV.csv,086bd0d78ca093b44059c4ee01b6603c735b109456edce7db34902dcbd072e19,2453,2453,0,0,0,0.0,693,0.2825112107623318,693,4,1,True,0,10401.32,10071.9218814319,1.032704594261733,0.9626,False
HD_147379_RV.csv,dd5e79f29142a6f0740a85487a5ccc9bca934c25aefff510ce7845c8565ae3b5,298,298,0,0,0,0.0,290,0.9731543624161074,290,3,1,True,0,721.0900000000001,416.7824999999975,1.7301350224637657,2.64,False
HD_150706_RV.csv,ec8b442bbad022c0dd2ec51e4787820b97ed528a5c8435a368bd6d44594b5cab,203,203,0,0,0,0.0,36,0.17733990147783252,36,5,1,True,0,17315.059999999998,17272.170000000002,1.0024831853785596,1.69,False
HD_15337_RV.csv,745bc93972c706b52211d65b98cecc434a791bf442e3f2a1bff92683a2719e31,248,248,0,0,0,0.0,0,0.0,0,1,1,False,0,768.7036033406498,32.946904172843915,23.331588282405132,0.579677101231176,False
HD_154088_RV.csv,6f7a8b1d3d789c2fd16c95ed64b5cf8d1bd75ffb5e7e91cad3df0cd62a40d288,1043,1043,0,0,0,0.0,250,0.23969319271332695,250,3,1,True,0,14171.635743052399,14158.127497449359,1.0009540983160008,0.9426,False
HD_154345_RV.csv,22fcc4772cede2765f1d9318964ad7d8007f83adb48b031f823841546cfbf9d2,660,660,0,0,0,0.0,257,0.3893939393939394,257,8,1,True,0,47019.1,46960.19149999999,1.0012544348333845,1.3451,False
HD_156279_RV.csv,04718879730cdd81b706eb31a1e1329201500599b930a9ae9233cba05f7794a6,216,216,0,0,0,0.0,18,0.08333333333333333,18,6,1,True,0,21842.440000000002,21346.9375,1.0232118775819719,1.0871,False
HD_156668_RV.csv,0538c9c223e22f3e18e60d43948905a927a20d74a5c8a0c12a7c3aa74d189823,1300,1300,0,0,0,0.0,126,0.09692307692307692,126,3,1,True,0,44569.85,12.311,3620.327349524815,1.1,False
HD_156846_RV.csv,7e7abfd503cefb88e39a2cf229792c5a314eea648d17fe7d499847fc568cdb6b,418,418,0,0,0,0.0,0,0.0,0,3,1,True,0,69790.37,68997.2234693796,1.0114953398229478,2.119716552671905,False
HD_158259_RV.csv,a291eb064c3f997bd9bc5eb05f824c5f599aff2a04d10a03b6d684cc95dc577b,415,415,0,0,0,0.0,382,0.9204819277108434,382,4,1,True,0,124.5,31.37999999999738,3.9674952198856084,1.345,False
HD_160691_RV.csv,2be118ae7ba836e5074431a0e3495bc07de5628d44feb1e7d6ac16b91d9f0a57,3322,3322,0,0,0,0.0,0,0.0,0,6,1,True,0,108400.0,93.86235256221516,1154.8826237670614,0.606833247808188,False
HD_16141_RV.csv,5bfa840e4599d52bb160ea470af70dbd932f31143a0bfbcd23929ebf004bda4f,382,382,0,0,0,0.0,232,0.6073298429319371,232,6,1,True,0,51434.68,50897.82964898479,1.010547607918011,1.28854864903581,False
HD_16417_RV.csv,f8bf37d6db096dcabdfbe94cadcea98c4a835d2c9749ae915c175eb9c56f41a7,454,454,0,0,0,0.0,0,0.0,0,3,1,True,0,11370.7081934785,11235.140435502364,1.0120664052892254,0.5045989946397306,False
HD_164595_RV.csv,6dc184e69614a948a428ac22ee48af26df70414f5153f61ad6651d974b28e464,302,302,0,0,0,0.0,236,0.7814569536423841,236,6,1,True,0,2157.35235504554,2115.058,1.019996782615673,1.3769999999999998,False
HD_164922_RV.csv,5c1a9f5481ea03e470a0ec8d68658b763d890fb1a1672af2b8a50ea97d00ff01,1153,1153,0,0,0,0.0,313,0.27146574154379877,313,4,1,True,0,31306.1,16946.92199999927,1.8473030087706397,1.1137,False
HD_166724_RV.csv,a02594f4217386c71048b2ea3385721ba974c2e5d130f8d47e18fe5f749abc8e,219,219,0,0,0,0.0,0,0.0,0,1,1,False,0,38767.4376167767,260.91361193204284,148.5834231863457,4.77366390487643,False
HD_167042_RV.csv,9c095b54f00ca215ca95bc742d2e02a866ce945a47078249bbb00523d38c1c44,262,262,0,0,0,0.0,0,0.0,0,3,1,True,0,93.47,61.51849999999999,1.5193803490007074,0.8239000000000001,False
HD_168009_RV.csv,6ef710757c1c5502d342e2028763536de6b8902a473483b3ecbb8ac631ad4879,765,765,0,0,0,0.0,126,0.16470588235294117,126,4,1,True,0,64720.92,64627.486,1.0014457316195156,1.5563,False
HD_168443_RV.csv,a1f53fa8cbee7da930542048e7f448173038f37062ee6f1674b146868d9f03d6,778,778,0,0,0,0.0,352,0.4524421593830334,352,9,1,True,0,50365.6187533061,49146.51,1.0248056017264726,1.66,False
HD_168746_RV.csv,e89ed7e3baf5524913bfdddc86dd33b130d77f16311d785f4bba48890b6e0997,290,290,0,0,0,0.0,48,0.16551724137931034,48,5,1,True,0,26202.93,25691.632757327177,1.0199013136884811,5.0,False
HD_169830_RV.csv,d5c6da5bfce26c971ee084360eae9775abe90904e768357a0ca844f9dcf10e19,509,509,0,0,0,0.0,44,0.08644400785854617,44,4,1,True,0,142032.5783558025,17430.3277764544,8.148589067135383,2.968862242645,False
HD_171238_RV.csv,a7cbcc674f6c858641a5d1bef20c5f5f58ac4794e516d69a42b06ee117610c26,264,264,0,0,0,0.0,0,0.0,0,2,1,True,0,21733.700678545098,272.5519234518142,79.74150541039019,3.448262410959468,False
HD_17156_RV.csv,36160311858b1af04f1fd19a5e051d4b05a63507a9dda83a9c35473b2478685e,250,250,0,0,0,0.0,48,0.192,48,8,1,True,0,8271.83,8071.556,1.0248123162374145,3.0220000000000002,False
HD_175541_RV.csv,bff7849b87ae726e497c044b739990cce98779d17c6a686a83e93a5a737121b0,294,294,0,0,0,0.0,110,0.3741496598639456,110,3,1,True,0,19721.9714753243,19700.68566887977,1.0010804601830763,1.186,False
HD_176986_RV.csv,28ad9124df8f26bce2cec03196a45b25b58b18e3610a5c31054dc447867e869f,367,367,0,0,0,0.0,0,0.0,0,1,1,False,0,474.5767535556952,20.901819313869055,22.70504526085907,1.115701865454,False
HD_177565_RV.csv,4ffcef035c91dda5315872d5276aa3ddfc6dcfcd98394a1d74d4a57f9e111cd3,252,252,0,0,0,0.0,0,0.0,0,1,1,False,0,99956304.99028645,23.310447122334153,4288047.520740884,0.4018709489183015,False
HD_177830_RV.csv,a24655c94c9b62689c47d7a28bb0d56b6385923811bd0858140cdc4858d2d32d,523,523,0,0,0,0.0,196,0.37476099426386233,196,4,1,True,0,97.37,70.398,1.3831358845421746,1.1212,False
HD_178911_B_RV.csv,ed51f84f5548dba20944201db017a78991c300258ea093acb8d9f472de8284cd,323,323,0,0,0,0.0,52,0.1609907120743034,52,7,1,True,0,47783.26,41094.130999999994,1.1627757744773823,5.2,False
HD_179079_RV.csv,0c2b0d96ef2258f0b1bb50036085f0e5b20bca8d4adbda367c30a2795eb38066,429,429,0,0,0,0.0,130,0.30303030303030304,130,3,1,True,0,19536.92,19412.4054263346,1.0064141754167406,1.69892754823824,False
HD_179949_RV.csv,7cae4e2f7953472c1fe59517393f3747952af6e3986b908091f5a805271f55dc,253,253,0,0,0,0.0,70,0.2766798418972332,70,6,1,True,0,25117.1,24802.686923643956,1.0126765732004752,3.7,False
HD_180617_RV.csv,495feb42b37ffe04b4ee0629c2949a8f26ab67845bf935af95323880b8d4d604,499,499,0,0,0,0.0,162,0.3246492985971944,162,4,1,True,0,36130.5356152624,36089.91852963643,1.0011254413221415,1.2402,False
HD_181234_RV.csv,e50a2b3627f73819739733795813dc9d258c9cdb496b5ecf1877a471af41a2e4,280,280,0,0,0,0.0,36,0.12857142857142856,36,3,1,True,0,47056.0,46892.93369942721,1.0034774173357974,3.2412326285707307,False
HD_181433_RV.csv,4aba5633f73d0af9895d6405ab511e9d00d36ad1faec92f0ae1b41000b694bfd,313,313,0,0,0,0.0,0,0.0,0,2,1,True,0,328.0093263437011,45.92225613712799,7.142709307753429,0.590523972220624,False
HD_183263_RV.csv,00a48e29a31186eba78504a049a8129034816e54b4d0e6588ece3fe63adc32b7,617,617,0,0,0,0.0,228,0.3695299837925446,228,8,1,True,0,50650.131503047705,50371.600854663535,1.0055295174991126,1.79,False
HD_18599_RV.csv,751acf6fed2e887ee6f3e556f2045cd39112476be97b97f78f0af7e3c1ba8f3b,209,209,0,0,0,0.0,0,0.0,0,0,1,False,0,199.3100466313405,129.86813205918625,1.534710967741545,2.41341866354013,True
HD_187123_RV.csv,3fdc150bb6306a84147478f76e37480ee3ec4164ad8ce4d5a232997c6e6a23fc,766,766,0,0,0,0.0,477,0.6227154046997389,477,7,1,True,0,17240.9,17137.5275,1.0060319378043303,2.298,False
HD_188015_RV.csv,b538612b8a5be3845eaa9bca4212e91901934320e668aeccc3f02d99a656fd50,216,216,0,0,0,0.0,137,0.6342592592592593,137,4,1,True,0,108.7932,78.788025,1.3808342067211354,1.49665,False
HD_189567_RV.csv,4445ac5d9808368f9898ca23ac097c1eddcec2de8d091114d9d58857179e869f,710,710,0,0,0,0.0,0,0.0,0,1,1,False,0,1140.0,21.6326956737812,52.69800940165208,0.5171472717457705,False
HD_189733_RV.csv,5ec3e9b3617d010c73db86e7ba2d51733dada844c7336d89641ed630adf76ac6,753,753,0,0,0,0.0,272,0.3612217795484728,272,6,1,True,0,2756.55,2495.04,1.104811946902655,0.866,False
HD_190228_RV.csv,288384607beeb56b3103f8374716db61b4e9aba146a7da8c44c18c1ff5c1f5ea,192,192,0,0,0,0.0,102,0.53125,102,4,1,True,0,50534.0,50371.380000000005,1.0032284205832755,8.013425020657131,False
HD_190360_RV.csv,700f89ae583064bb96fd18a757e77d4a6b346a33afdcb5a68c28adf8fbfaa873,1968,1968,0,0,0,0.0,762,0.3871951219512195,762,8,1,True,0,45429.05,45261.092000000004,1.003710869370982,2.04205,False
HD_192263_RV.csv,765976ae7c7dc7c85228deb7df3e387cf66bf011846670c1f6992c376354c44c,509,509,0,0,0,0.0,97,0.1905697445972495,97,6,1,True,0,11348.72,10773.234,1.053418128669627,6.0,False
HD_192310_RV.csv,7fba904a15e9bdf427ce079939fe5301f4461d6f424e981bc60a8bb73aeeb096,2843,2843,0,0,0,0.0,74,0.026028842771720014,74,4,1,True,0,55070.6,54244.21653328849,1.0152344990770468,0.398618931795844,False
HD_195019_RV.csv,10e8566c3266c17b6cc9bf7c223ab5ecacbfd0bdd0b7aa77fde08221b76d23de,647,647,0,0,0,0.0,384,0.5935085007727975,384,7,1,True,0,91982.2263835826,91542.42955440968,1.00480429491891,5.91,False
HD_196067_RV.csv,341a08d81e36f312972c93648b0a1cf30dcf06c72e485c31f10d4b5996b70b76,351,351,0,0,0,0.0,0,0.0,0,1,1,False,0,43704.14159340972,193.52176129979853,225.83579903298047,2.91271247272454,False
HD_196885_A_RV.csv,40b2aa5bb723b1c754f2a59c6d630daa0601254a58925cb7cc4bba9bace78952,517,517,0,0,0,0.0,322,0.6228239845261122,322,8,1,True,0,34768.45,31189.066,1.1147640650733177,7.54,False
HD_19994_RV.csv,3d67cde2c64c047217f9ddfce510cefe25195b2212a4d96ecddf114ac0c60b11,2103,2103,0,0,0,0.0,0,0.0,0,4,1,True,0,20347.23,19416.73145581159,1.0479225118968158,1.2727103691316102,False
HD_20003_RV.csv,392f0bcf37db5091684ced90f82949b20381c8594a78c6f6b3c3dfecb0156492,206,206,0,0,0,0.0,0,0.0,0,1,1,False,0,490.0,24.03638101002616,20.385764387559384,0.732356983032793,False
HD_202206_RV.csv,15ab93838d3afb2d12b6f5e9fd40a039106a08c9775c9578670c5e3e0a17f1e2,339,339,0,0,0,0.0,0,0.0,0,2,1,True,0,2499.0757760502,1174.9900000000016,2.1268911020946533,5.52769117575594,False
HD_204313_RV.csv,2e27241a4582b5024978e12c2c161f11ce50b8152cb6253158e5c9a7f4a50bda,415,415,0,0,0,0.0,0,0.0,0,2,1,True,0,10438.5,9931.266897294829,1.0510743601950057,3.393461301627473,False
HD_20781_RV.csv,3705a48a07ed1dff9320f37a818e83aa3f6d1daa310b7ba960357bf25a4af0e9,240,240,0,0,0,0.0,0,0.0,0,1,1,False,0,534.8203571517006,14.759646289290686,36.23530988948942,0.6583878164983775,False
HD_207832_RV.csv,328aef25027e2ff6ed47aa735290bb23241f78dbc2c9bcabc772c86fd16840be,290,290,0,0,0,0.0,126,0.43448275862068964,126,2,1,True,0,16838.835055939402,16735.756475954535,1.0061591825940446,1.95,False
HD_20794_RV.csv,429c32b90e930abb112f1a859338eebdb74d1e40ca953e81cb37272a6fb01dc1,9021,9021,0,0,0,0.0,32,0.003547278572220375,32,1,1,False,0,219104.204083021,42.415155148803024,5165.705590710405,0.313081574588982,False
HD_208487_RV.csv,fa494d6cea69e59e07b6111b46ed8719e2cc505ed553c1823c19c3409a7ac063,197,197,0,0,0,0.0,0,0.0,0,3,1,True,0,6297.9,5702.477205208358,1.1044147610529353,1.29058471525772,False
HD_209458_RV.csv,0b89dfe14ad96106869f6011d4ed2c0c7613caf93a678fc2ff25e47143dede00,1018,1018,0,0,0,0.0,399,0.3919449901768173,399,9,1,True,0,15245.53,14916.023491713306,1.0220907742918046,3.4,False
HD_210277_RV.csv,f50434bb1f3636faf73208b0b47e6b5f7d2890a82157cb95392ee3f7f40879e6,891,891,0,0,0,0.0,360,0.40404040404040403,360,9,1,True,0,21405.87,20976.7814872173,1.020455402705328,1.9631,False
HD_212301_RV.csv,bff7a762603797b3f81031f716079d1ea82346472986068d55fddc7ed0750ad7,296,296,0,0,0,0.0,0,0.0,0,1,1,False,0,23959.09324100664,122.388509414287,195.76260349658105,0.7167015470144276,False
HD_213885_RV.csv,679ea4213edf9170b352055b00398b80fe24f8a6c3402f11ca6615f36d5a82a2,220,220,0,0,0,0.0,0,0.0,0,1,1,False,0,593.8704212597877,86.73426660650875,6.847010351214778,1.0315275461687299,True
HD_215152_RV.csv,b8f0f7e3c3dec38c2b08c8a9448f0ec49a5130a61a7038a84893c46949193bf0,609,609,0,0,0,0.0,104,0.17077175697865354,104,4,1,True,0,14032.64,13701.21514365638,1.0241894498311757,0.627095131787487,False
HD_216435_RV.csv,eeb3b2622b3a152aece7364a2baa382436db34c2ed29b456e711560a56b8f5bf,300,300,0,0,0,0.0,0,0.0,0,3,1,True,0,1477.5,1112.7646210988564,1.3277740610956583,1.6313397531885951,False
HD_216437_RV.csv,9a01befa80ae3df8bcf4d9423fc9244f760b09aedc744b03beb34d920165a2af,206,206,0,0,0,0.0,4,0.019417475728155338,4,4,1,True,0,2711.7,2337.675,1.1599987166736179,0.750174944108692,False
HD_216520_RV.csv,66100773ee05e8a0ed9871e475a20ecc147778760a2a4b51740518d633541e41,1004,1004,0,0,0,0.0,82,0.08167330677290836,82,4,1,True,0,1017654.1,12.594999999999999,80798.26121476777,1.1374,False
HD_21693_RV.csv,455ac65cd0c8e2a19b79f69256139855c5cb410c05dc60753023005f133e85b3,226,226,0,0,0,0.0,0,0.0,0,1,1,False,0,780.0,19.052774931253225,40.93891849425707,0.552315982874151,False
HD_217107_RV.csv,482238252e8b25b92e15ca436cc6ddccb3d34206aaceee6d47de6237931e37e2,1746,1746,0,0,0,0.0,1051,0.6019473081328751,1051,11,1,True,0,18201.0,655.7075,27.75780359382804,3.0,False
HD_218566_RV.csv,235763df883c3cc46366edb8b56f4f849ba2498037147287df353aadccbbe2bf,288,288,0,0,0,0.0,163,0.5659722222222222,163,4,1,True,0,38606.93,37701.38943319073,1.0240187584707972,1.24,False
HD_219077_RV.csv,37f4e995fb51a5351833376a79095c40f8963521140a82fe830793ad5f253f8d,241,241,0,0,0,0.0,0,0.0,0,1,1,False,0,702.8017863198002,352.9398132185015,1.9912794193176007,1.5212624822021,True
HD_219134_RV.csv,84753ebc995db2fcc0c2d93c27f2bc8e8e64ceb71d3f590d5f54de720aac7ca0,3992,3992,0,0,0,0.0,2702,0.6768537074148296,2702,3,1,True,0,18765.731945257885,18445.973392471406,1.0173348701086702,0.375167438256806,False
HD_222582_RV.csv,6a78384e17e4d7c509cebbe00148da2726170e8c1fc60e47be9c405df8d2bc77,250,250,0,0,0,0.0,115,0.46,115,5,1,True,0,12400.59,12094.632013999715,1.0252970066097202,1.4753,False
HD_23079_RV.csv,0d0446b1498a92d96d238591b449ebe5f4eab537b02fefe51932b37c8348e572,379,379,0,0,0,0.0,0,0.0,0,3,1,True,0,18194.4866678114,765.6845959333796,23.762377830824825,3.28721792427114,False
HD_24040_RV.csv,d8810e917b4b78562a6d956067b8fb67847adac8ab5b2960995d0d56cf10cfcf,377,377,0,0,0,0.0,297,0.7877984084880637,297,7,1,True,0,9552.44,9432.96,1.0126662256598142,1.5,False
HD_25015_RV.csv,42508cf56c15bad2c59b9ccd882e2d9b26a338a6a9bcd74cc90b0d8f28a011a3,229,229,0,0,0,0.0,0,0.0,0,0,1,False,0,198.75142053580203,151.5124380374582,1.311782868193732,4.647106375577354,True
HD_260655_RV.csv,cfa911dccadbbb5377c4de574d1868fe360d9315c88333a1fe36307d435f8294,198,198,0,0,0,0.0,60,0.30303030303030304,60,2,1,True,0,58090.2028146368,15.0685,3855.0753435734678,1.4576500000000001,False
HD_27442_RV.csv,5ab40004e95f7a21aad6206f221c9b013d11627f8cc409ec8fe5fe4c65233ba7,243,243,0,0,0,0.0,2,0.00823045267489712,2,2,1,True,0,29206.0381483834,29177.213084240877,1.000987930686159,0.34544252318898,False
HD_28185_RV.csv,cb5b5de46edc1cd5e3b8f63c673bd39c43705fcc794a63aea3c4de9a5e4d1910,211,211,0,0,0,0.0,12,0.05687203791469194,12,6,1,True,0,50692.7181457294,50628.9963808789,1.001258602172777,1.71,False
HD_285968_RV.csv,078404c89f5e83d40c47bd449bbd91ccb37f164c81c8628b23881df9f23c46db,517,517,0,0,0,0.0,120,0.23210831721470018,120,8,1,True,0,26441.58,26420.502,1.000797789534809,1.48,False
HD_30562_RV.csv,26ca5391899a6db596f2339c341cc6c37003cec6688794bb079aba514a09db50,277,277,0,0,0,0.0,54,0.19494584837545126,54,3,1,True,0,77487.37,77369.88604152121,1.0015184713909975,2.930874848280159,False
HD_31253_RV.csv,5f3713f0c76edb81a2005ff84408d9e9db0f9f2d2c9040137b330139ffbeebec,196,196,0,0,0,0.0,105,0.5357142857142857,105,4,1,True,0,12260.53,12199.977499999999,1.0049633288258115,1.57,False
HD_31527_RV.csv,a1115ac1c98e9a872eb0cab339cf5d70dd6bc62ab6b991f161b0b5a084c62d59,271,271,0,0,0,0.0,0,0.0,0,1,1,False,0,450.0,13.666429636148678,32.927400351128874,0.5973501206109479,False
HD_3167_RV.csv,fffaaeb1c71ce630705fc3d6c391b991d387b717b51e719924fef7da4e6eb820,618,618,0,0,0,0.0,406,0.656957928802589,406,2,1,True,0,979640.2386250396,140.90113581117112,6952.678081586979,0.789678249252169,False
HD_32963_RV.csv,a1cabb84f3fb6bd6eb13cc20759e82d7afad7de1dbf9fbd60bd551d94a9a0dca,610,610,0,0,0,0.0,44,0.07213114754098361,44,4,1,True,0,63881.16,63084.029,1.0126360191737278,1.35,False
HD_34445_RV.csv,60d8b3de63e80baa3fdedeacec9268d9f083ec5a3c800ff3202f283dc5b403bc,431,431,0,0,0,0.0,90,0.2088167053364269,90,3,1,True,0,79019.09000000001,38.745,2039.4654794166993,1.33,False
HD_3651_RV.csv,27152d2a983ff3ed8c5c926039dd4bde1d4ffe12beffaf4d886d7803a50e3621,1442,1442,0,0,0,0.0,369,0.25589459084604715,369,8,1,True,0,32892.6,35.646,922.7571115973741,2.3,False
HD_37124_RV.csv,498e67f8029ad8c0c6eb5967aef52957c9022128be4cee5a574c257ee17c1925,526,526,0,0,0,0.0,167,0.31749049429657794,167,10,1,True,0,30166.9,23113.815,1.305145861901205,2.11805,False
HD_37605_RV.csv,6e4ca23857a22cb32690c55df08e17b64e2844a0350d844be0cea4fa3e2de10a,214,214,0,0,0,0.0,20,0.09345794392523364,20,3,1,True,0,555.5,390.005,1.4243407135805952,4.6,False
HD_3765_RV.csv,0aed5a02b1ee714426b786bf028dff2e438f053ed1c2be98d65306c88a721034,762,762,0,0,0,0.0,178,0.2335958005249344,178,7,1,True,0,64863.02,64095.249,1.0119785945445035,1.17,False
HD_38529_RV.csv,35f61ef41c9747d2d814835df391f561528a5553d6d41e679c6273c7e4cba9b5,1603,1603,0,0,0,0.0,370,0.23081721771678104,370,10,1,True,0,30803.4,427.4469999999997,72.06367105161581,3.49,False
HD_39091_RV.csv,cfdc8fb31f4e7be63a7974b4b08d87ca4d08d287b13324a45d901f62abe36b29,1326,1326,0,0,0,0.0,6,0.004524886877828055,6,3,1,True,0,13804.1940012996,10626.026917113999,1.2990927003080455,0.4500835163244745,False
HD_39194_RV.csv,d73c8fa7d98d97a8f7fe7446e1d36b28346ec127124109d588c436b2086bad25,429,429,0,0,0,0.0,152,0.3543123543123543,152,1,1,False,0,2160.0,692.0,3.121387283236994,0.783723742261785,False
HD_40307_RV.csv,1005951526b439f6c64534f3412b25f392f81479b8d896411e95d5be75925e15,1804,1804,0,0,0,0.0,0,0.0,0,2,1,True,0,744.3224583702977,17.207246888501686,43.256336309539016,0.6268172861313921,False
HD_40979_RV.csv,75b7fa49519d6d6b01046151f86d4fcc986f5014c95a8e991f971968c3e6dd9e,408,408,0,0,0,0.0,118,0.28921568627450983,118,6,1,True,0,360.31,236.47449999999998,1.523673799923459,10.504999999999999,False
HD_41004_A_RV.csv,f3cd77fd46589cbf67d365fe92945e05e680f9153faeeda91771469ed387cc5b,395,395,0,0,0,0.0,0,0.0,0,3,1,True,0,710.0,263.89484174181416,2.690465623782977,6.928519242610655,False
HD_4113_RV.csv,aff611ef0600b21d734b9eac86fc49e049b3f31976aeaa148e4d9e4cbe646d31,295,295,0,0,0,0.0,0,0.0,0,2,1,True,0,5212.67725956712,4908.953335189355,1.0618714222032932,4.272191197369952,False
HD_4208_RV.csv,89692ccc6477839da84fc121e951c8e2abbb4ef29a9298cdea49ef974ba41e5f,264,264,0,0,0,0.0,123,0.4659090909090909,123,5,1,True,0,56859.46,56710.31855223967,1.0026298820314852,1.51655,False
HD_42618_RV.csv,4b81de7068ac7da838f4d6ea030b643af2983dfe7281df94204d8aa142a30226,1519,1519,0,0,0,0.0,180,0.1184990125082291,180,4,1,True,0,67718.2744586418,53545.65790927018,1.2646828352242163,1.2783,False
HD_4308_RV.csv,ab58c7f80cdcb2d0ffd5e8e1c571c758152ed773c0268630ebde43fc89905063,606,606,0,0,0,0.0,0,0.0,0,3,1,True,0,228160.3847468511,154535.18746460212,1.476429986530502,1.105,False
HD_45184_RV.csv,d235645a20d2fea1d0ed37916a78ccf71e40995598497184487fea7a6eaed13f,864,864,0,0,0,0.0,220,0.25462962962962965,220,3,1,True,0,4043.35,3772.9109516900817,1.0716791495406948,1.16,False
HD_45350_RV.csv,f9103ea8401a517406bf57744f6ebaca7f918def8d07abe665c9fdb4456e2e4d,308,308,0,0,0,0.0,122,0.3961038961038961,122,5,1,True,0,136.1,93.70999999999997,1.4523530039483519,1.5036,False
HD_46375_RV.csv,2658d081e80f823a610b34a9c02125d9f8f47fe7a742827ba4402c0cffb0729a,1465,1465,0,0,0,0.0,161,0.1098976109215017,161,5,1,True,0,1157.04823044611,1122.078441822866,1.0311651907030974,1.56236640846899,False
HD_47186_RV.csv,c638caebe2c0fb1bd309709a91a6f3069ebefd4a9705074b34439e3f3a195822,308,308,0,0,0,0.0,0,0.0,0,3,1,True,0,4342.99,4314.9325,1.0065024192151326,0.5290410944219945,False
HD_49674_RV.csv,695477c4afb4f6703bf5769565128bc90dc58d53a75be0909168f1644079d5df,269,269,0,0,0,0.0,139,0.516728624535316,139,5,1,True,0,999026.3,12120.98,82.42124811690145,1.337,False
HD_50499_RV.csv,1e648c2b2c6c50c84fe7c1d1d9579720838f41cc605a2ff04a7520b74d0a28f4,537,537,0,0,0,0.0,86,0.1601489757914339,86,4,1,True,0,51302.644921246305,36866.40211777088,1.3915826328090926,2.6291082462012,False
HD_50554_RV.csv,32fc3fdce72e0ac8e50278f2a4710b1620e5ce0ed8796863504863787491731e,419,419,0,0,0,0.0,224,0.5346062052505967,224,8,1,True,0,4082.76,3962.762,1.030281404737403,5.33,False
HD_51608_RV.csv,6269830451b46089e93bea3ba0d480297f4dfc3818956b5f5a22f48893b851e6,231,231,0,0,0,0.0,0,0.0,0,1,1,False,0,608.4093025215043,14.141893574189453,43.021770693559716,0.567908355696277,False
HD_52265_RV.csv,78cb9347f9b0be00f7e2e614620d24753109333bdb24839fe4d26a99651f249f,501,501,0,0,0,0.0,138,0.2754491017964072,138,6,1,True,0,53984.0928821612,53853.4250840091,1.0024263600309222,1.7,False
HD_5319_RV.csv,7697e87a5b16812c3ce3179011499ca643eac06e0aaac071051e427cf2cca84a,204,204,0,0,0,0.0,60,0.29411764705882354,60,2,1,True,0,420.899521508328,88.1395,4.775379046946353,1.76,False
HD_60532_RV.csv,2da5408b3c2bd55e944cf5e8fac4d73eb00d73da2d617cb7fe1ee12b4fa52a01,342,342,0,0,0,0.0,0,0.0,0,1,1,False,0,100061681.34328696,100061531.67528103,1.0000014957596932,0.991,True
HD_62509_RV.csv,fdc8b42bb5e0ec4742fa809914e8d92aae0696390d9cbae8f9f2c4205e65fc9d,524,524,0,0,0,0.0,0,0.0,0,5,1,True,0,3814.17,3117.776,1.223362422444717,6.25,False
HD_63765_RV.csv,7a1a119d9f8e9264d50926f94dee2d2597977d914f0ef2d2363d0ab635fbb70a,238,238,0,0,0,0.0,0,0.0,0,1,1,False,0,710.0,135.73480337653746,5.230788142304316,1.23669937714051,True
HD_6434_RV.csv,1b6ff47b32c9f10b83cdf8bc1f8c0ca0d6a82cdd53858eb97c8589a40a0757df,200,200,0,0,0,0.0,0,0.0,0,2,1,True,0,1440.0,125.53017325422115,11.471345595004806,7.0,False
HD_66141_RV.csv,78af3316ac2fa3c6fa3803ff7f99ad7bc3d88b067b0560b53dbde1affab80baa,495,495,0,0,0,0.0,0,0.0,0,2,1,True,0,72076.5,71638.05,1.0061203508470709,260.0,False
HD_66428_RV.csv,78d841d76406d733a8382ca63048442cb82ed44f37cfb8805513b8a44bedffef,242,242,0,0,0,0.0,176,0.7272727272727273,176,4,1,True,0,44194.25675724311,44103.22867618456,1.00206397771299,1.2,False
HD_69830_RV.csv,4f74d1bb40a42c17fb15beab898a3f65c1400431a51712548d87b5ebfd4a595c,2287,2287,0,0,0,0.0,120,0.052470485351989504,120,5,1,True,0,46366.42499512139,30162.04698467536,1.5372439748097702,1.02,False
HD_72659_RV.csv,5df6ee7ff0e525b52213361217d0e0358a24e6db8592969998f5605a477dace7,286,286,0,0,0,0.0,103,0.36013986013986016,103,5,1,True,0,18262.799742737203,18223.773426879623,1.002141505765212,1.8,False
HD_73344_RV.csv,38ca4503acb0dc370a7f306e6f00db60ce132ae71dc7988ed5688766a0a8abf4,367,367,0,0,0,0.0,58,0.15803814713896458,58,6,1,True,0,6374.63,6301.768,1.011562152081765,1.9189,False
HD_74156_RV.csv,b327aa9462cd1caec2202ffdb07c6a3664942705a2ce2c9b0c7ec56c0b8f8c13,787,787,0,0,0,0.0,376,0.4777636594663278,376,7,1,True,0,4328.42,4033.5719999999997,1.073098484420261,4.7134,False
HD_75289_RV.csv,531812d85b85d2730b2be9a6bb323e7708ebd723da8730e9db92678b622bc7ce,396,396,0,0,0,0.0,0,0.0,0,4,1,True,0,9416.0,9324.994486270378,1.0097593101919378,0.395854840984334,False
HD_7924_RV.csv,111321757fa20c7325c474558e5b7bab8474ba0c01f8da795b1500bbe1b20cf1,2197,2197,0,0,0,0.0,470,0.21392808375056896,470,6,1,True,0,22705.239999999998,15.82,1435.2237673830593,1.16,False
HD_80606_RV.csv,6ecf0fbd4d88f205815b5c3c1596403557bd0d9c60c55405e8585935fda46c73,692,692,0,0,0,0.0,338,0.4884393063583815,338,9,1,True,0,4902.53,4510.7375,1.0868577477629766,2.5775,False
HD_80653_RV.csv,3d00f9d58d269aba38085d08083b21a2033bfd8a30bcf42da7dfcccdebfffb82,418,418,0,0,0,0.0,300,0.7177033492822966,300,0,1,False,0,233.083023691961,135.52727068374224,1.7198237853979115,1.409358714813135,False
HD_82943_RV.csv,2994ed4233ab6619b14abf4fd41b17bcee7b7b07bb3c913a9bd6e2a97c064b85,916,916,0,0,0,0.0,88,0.09606986899563319,88,5,1,True,0,8749.66,8251.441970903437,1.0603795107392622,1.3697654516948452,False
HD_83443_RV.csv,7512ac4be7f81ea7e57edb02d184bd86707282f8fe0930723f0570e99a6d9510,1168,1168,0,0,0,0.0,260,0.2226027397260274,260,6,1,True,0,29650.32,29161.58477230672,1.016759556502478,5.0,False
HD_8574_RV.csv,6132ff4e3fc48cd2cba88317be3239e69a3fe911a8e4ee8714f4a38c84d3927a,294,294,0,0,0,0.0,163,0.5544217687074829,163,7,1,True,0,19101.0,18986.163500000002,1.0060484310060849,8.9,False
HD_86226_RV.csv,8a5e7223c6bcb32690a62d4531b185467dc6481a063ad921c90b107fca7f0faf,327,327,0,0,0,0.0,0,0.0,0,2,1,True,0,19874.6,137.10993328706172,144.9537573502375,3.213311513358796,False
HD_86728_RV.csv,2db06232f8c9c66ea05e7fd0c4fa0ac54f05e717c8fe313a963161ac03ca0d95,779,779,0,0,0,0.0,180,0.23106546854942234,180,3,1,True,0,70.06,19.738999999999983,3.5493186078322134,2.4106,False
HD_87883_RV.csv,9276aea9a9edbacfc0e2a5611a9773b045e0efcd1f34a9fce3796b5dd01fd6b7,291,291,0,0,0,0.0,88,0.3024054982817869,88,4,1,True,0,113.19,71.06,1.5928792569659442,2.88,False
HD_88986_RV.csv,7e594c082a613d07e9cb2b4492c61db712c5651ce8cc82ee401c4a666bc21246,374,374,0,0,0,0.0,226,0.6042780748663101,226,6,1,True,0,29122.030000000002,29100.427,1.0007423602409684,1.37,False
HD_89307_RV.csv,65ea5f884fd5ec00d376952bf492f1a07d08d88e8922836c2e9043e6896ba8e6,218,218,0,0,0,0.0,112,0.5137614678899083,112,7,1,True,0,28250.71,23186.035999999996,1.2184363899029573,5.645,False
HD_89744_RV.csv,c76dbf0ce2d2321719108d9b40a591d443f4973b8fb18f6176c893ed24494c6e,277,277,0,0,0,0.0,2,0.007220216606498195,2,4,1,True,0,966.5999999999999,546.5799999999999,1.7684510959054485,4.99,False
HD_90156_RV.csv,5d0cd5a3ab14fec3db617cf9bb62e7c0ec92c5244ec5eb3e9f490f7386a57e10,452,452,0,0,0,0.0,94,0.2079646017699115,94,3,1,True,0,27090.4,26899.721455146475,1.0070884951419097,1.11875,False
HD_92788_RV.csv,200334a764d453a211f995b554e11b5e90d90c8d2cf37baebecba73ccb25e412,579,579,0,0,0,0.0,158,0.27288428324697755,158,7,1,True,0,22808.185721525548,4713.163599213127,4.839251861601712,4.0,False
HD_93385_RV.csv,4b2d5ebd65fdd5c95312753b3fbd43d1bd47c2a707549a669dbfed540a04abc6,255,255,0,0,0,0.0,0,0.0,0,1,1,False,0,380.0,9.363446551127709,40.58334694656145,0.604171576886567,False
HD_96700_RV.csv,8a4eecbf75b578171d2102ef5326e2032d90733145612c1db2cb090012bc0b0e,444,444,0,0,0,0.0,44,0.0990990990990991,44,3,1,True,0,13080.93,12859.000163545394,1.0172587163567948,0.5098318343856355,False
HD_97658_RV.csv,84493fa46569353570241fe08c964cb41965b892d557fe800acf968cb84a480b,1240,1240,0,0,0,0.0,130,0.10483870967741936,130,2,1,True,0,1561.1858062608899,13.931999999999999,112.0575514112037,1.24,False
HD_99492_RV.csv,1f0d59e07d9e321f4ed3dba8ae8f610494ccce8c29eb755873ed9ce208013ca0,509,509,0,0,0,0.0,213,0.41846758349705304,213,4,1,True,0,4336.36930824919,3865.57567000399,1.1217913393594787,1.24,False
HIP_116454_RV.csv,e8b0dcf9cf9691c04ebcfcafc56d052d4433d8560b3a2886e1725aac8a07c489,225,225,0,0,0,0.0,166,0.7377777777777778,166,1,1,False,0,178.2206523049099,16.434182748534568,10.844509582978915,1.47401593949844,False
HIP_41378_RV.csv,066a107c0ac5502ba2372d229801d8288b12ddb805bb841bc8876ea6e5221cac,701,701,0,0,0,0.0,0,0.0,0,2,1,True,0,201.2364884553972,20.398796327099262,9.865115824900895,1.72050511657024,False
HR_5183_RV.csv,b50447d909bc5cbd5c5813162fa2f12ed277a153550747227e1ce079013776e6,500,500,0,0,0,0.0,270,0.54,270,7,1,True,0,31098.2,30587.505,1.0166961966986192,1.5958999999999999,False
HR_810_RV.csv,259ad9343bc5d68fb7052ae7c85f4bb431c26814c5bb6fedcbc4405027cd216b,2348,2348,0,0,0,0.0,0,0.0,0,5,1,True,0,17462.4,16846.352757362954,1.0365685826190356,0.9957114611581546,False
K2-111_RV.csv,de4d1f8da586a4bc3c1e789fa83e4814308c2c62e430cccc2f3697fc9b248549,273,273,0,0,0,0.0,10,0.03663003663003663,10,0,1,False,0,236.5249032533029,148.97054501561797,1.587729327488906,2.41338113352176,False
K2-138_RV.csv,5fbf13904fe25f1c279c7b85fa79cb872a66715e3ac821d86bb5b6994444b11e,208,208,0,0,0,0.0,0,0.0,0,0,1,False,0,328.358981999368,40.15524631938621,8.17723739975771,3.425719864517355,True
K2-167_RV.csv,d5357faf239e277f16d95f2044df1b4f5afdd9e5a98d20d0e8bdb888001383b9,203,203,0,0,0,0.0,164,0.8078817733990148,164,0,1,False,0,22.23008146059874,12.521338991700759,1.7753757385957694,1.22629818771647,False
K2-263_RV.csv,4d0a42272900b9915468212e318541c996f053d7edd1d32d9fa79baaef9fb15b,192,192,0,0,0,0.0,16,0.08333333333333333,16,0,1,False,0,39.77705823819997,11.67033087726304,3.4083916434362997,2.3489932788256755,False
K2-32_RV.csv,c595acb34beb89679cc21ad528c7d40686ea49d0b05b3c8636a1fba0221feaa3,247,247,0,0,0,0.0,0,0.0,0,0,1,False,0,11976.642272929508,25.600859410410976,467.82188366922657,3.5464797878368897,False
K2-3_RV.csv,15daae9f33aa85359fcae7123ec3cfb848d0dde0af3b60c8e811e9805a2ec68c,692,692,0,0,0,0.0,354,0.5115606936416185,354,0,1,False,0,65.5745566327023,21.63665642005799,3.0307158074531437,3.249871089953415,False
KELT-11_RV.csv,e96f8a06066d811e316ceb36e556efb50b4abbc4569171db120bee40b354c6c3,354,354,0,0,0,0.0,0,0.0,0,1,1,False,0,35008.9149825616,39.22448930847895,892.5269799495874,0.877217044847354,False
UID_0007513_RVC_003.tbl_RV.csv,824f85c164a5d2f12ffa532c534e444ad9dd3d24bbc95a4349f18dfb9460a6af,268,268,0,0,0,0.0,0,0.0,0,0,1,False,0,364.4,244.59499999999997,1.4898096853983116,8.6,True
UID_0007513_RVC_004.tbl_RV.csv,39accca815f4b3e36f815b586e95ad40651ba016df49dd5a7ed84a77c1a06847,248,248,0,0,0,0.0,0,0.0,0,0,1,False,0,329.82000000000005,239.00599999999997,1.3799653565182468,7.575,True
UID_0007513_RVC_007.tbl_RV.csv,9b455fe87c043bf69cc53cefd88e0fb5197126969ded8e412913bd0c50c7c9d4,284,284,0,0,0,0.0,0,0.0,0,0,1,False,0,359.3,250.96999999999994,1.4316452165597486,7.1,True
UID_0007513_RVC_009.tbl_RV.csv,3ac454684808bc7d25f08160d857b4173a058fa8f4eb72e43db0a4bcc010b2e9,312,312,0,0,0,0.0,0,0.0,0,0,1,False,0,382.5,257.38899803135,1.4860775049655053,3.53,True
UID_0008102_RVC_003.tbl_RV.csv,05e5e94a5da01092494e615f926ef23cce5d3e18bda83306056904fb6b0ff28d,535,535,0,0,0,0.0,0,0.0,0,0,1,False,0,37.5600013733,21.414000129724997,1.7539927685515686,1.39,True
UID_0009884_RVC_001.tbl_RV.csv,27103e2f5cc71ed80299fc00a9c4f37263c8237990fb4bde45d0647ccfd8c011,678,678,0,0,0,0.0,0,0.0,0,0,1,False,0,134.8,90.325,1.492388596734016,5.95,True
UID_0024813_RVC_003.tbl_RV.csv,90f6bcd5fd4c642e0fb664091fd333048719e199a7d43b796e3d46794c314938,259,259,0,0,0,0.0,0,0.0,0,0,1,False,0,42.3199996949,30.07599925998,1.4071020327232227,2.03,True
UID_0043587_RVC_002.tbl_RV.csv,197d337d9fcc77f491b5e66434004c3a3bccb2bb980b62bf5c3d14a7acf0a05c,250,250,0,0,0,0.0,0,0.0,0,0,1,False,0,272.95,215.81799999999998,1.2647230536841227,3.3,True
UID_0043587_RVC_006.tbl_RV.csv,7266e5f64bfb488a27c0d53c42ab918c9dd1bb3c4f8a652f695976ba36e873d6,193,193,0,0,0,0.0,0,0.0,0,0,1,False,0,203.7078648735,148.55787691636,1.3712357035648144,0.5623861,True
UID_0043587_RVC_008.tbl_RV.csv,5ca493ed95a03b4783a43a7f005bb3c3032a82155d98217d11c9232bd4132d40,274,274,0,0,0,0.0,0,0.0,0,0,1,False,0,272.030014038,218.80450058014998,1.2432560268034938,1.6949999,True
UID_0047202_RVC_005.tbl_RV.csv,541b46e3f3671152b2409ec4de575a28b92514b2b4a4339100d93b53a00f0e5a,257,257,0,0,0,0.0,0,0.0,0,0,1,False,0,143.0,119.60000000000218,1.1956521739130217,5.0,True
UID_0050583_RVC_001.tbl_RV.csv,ea68219c9d2ec0f7c35e58dc5c474b82298982e23b5759cfc305bb3635f692bd,205,205,0,0,0,0.0,0,0.0,0,0,1,False,0,546.2,446.06,1.2244989463300902,6.1,True
UID_0053721_RVC_003.tbl_RV.csv,4a3521ffa367fa4906f18fad7919039ad6f6cb9b326fd8714ecace5e5e455c61,200,200,0,0,0,0.0,0,0.0,0,0,1,False,0,86.8,55.115,1.574888868729021,1.7,True
UID_0053721_RVC_008.tbl_RV.csv,e2ab6c50ed2e7ef418cdd6159c6e6de00eb38da7f4d0792ac48a3866a544b867,215,215,0,0,0,0.0,0,0.0,0,0,1,False,0,141.4700012207,105.12099990843998,1.3457824920227155,2.1500001,True
UID_0096100_RVC_001.tbl_RV.csv,f52b0b81db25e076203924c617a017b4fca9c253f15a954c2b4e65dbf84d9cb5,229,229,0,0,0,0.0,0,0.0,0,0,1,False,0,11.34875769054,6.83343142437,1.6607699683744592,0.5816085,True
UID_0096441_RVC_003.tbl_RV.csv,2efb602829be0ce90512aad3f66481e5493750566deecb4ef58e0e0c393f3633,223,223,0,0,0,0.0,0,0.0,0,0,1,False,0,270.2299958,196.36253506999998,1.3761789931244648,3.1006532,True
UID_0096901_RVC_004.tbl_RV.csv,c450cd77cda473f862d8b5101944ebaddcd83a32b4c8b683ed56695bf5dff81a,447,447,0,0,0,0.0,0,0.0,0,0,1,False,0,1209.3,229.94999999999993,5.258969341161123,5.5,True
UID_0113357_RVC_001.tbl_RV.csv,97aebdafae072c079c0917b709b4c6e301bf0d61f8e57272ec92c29f67cb0732,256,256,0,0,0,0.0,0,0.0,0,0,1,False,0,143.5,117.9,1.2171331636980491,6.4,True
UID_0113357_RVC_005.tbl_RV.csv,5272bc1923fcecca45500d778598c589377886ca88a3a1e3748d508aefe4e039,202,202,0,0,0,0.0,0,0.0,0,0,1,False,0,183.4713974004,133.25175495146,1.3768779065403955,2.01335145,True
