BJD,RV,RV_ERR,INSTRUMENT,TARGET,ARCHIVE,SOURCE_FILE,SOURCE_NAME,SOURCE,RJD_ORIGINAL,DATE_NIGHT,REFERENCE
2447373.935,35900.0,290.0,DACE,HD 10180,DACE_PUBLIC,,,DACE_public_get_timeseries,47373.935,,Baranne et al. (1979)
2447847.77,35020.0,300.0,DACE,HD 10180,DACE_PUBLIC,,,DACE_public_get_timeseries,47847.77,,Baranne et al. (1979)
2449351.547,35390.0,340.0,DACE,HD 10180,DACE_PUBLIC,,,DACE_public_get_timeseries,49351.547,,Baranne et al. (1979)
2450412.622,35450.0,280.0,DACE,HD 10180,DACE_PUBLIC,,,DACE_public_get_timeseries,50412.622,,Baranne et al. (1979)
2450707.805,35430.0,290.0,DACE,HD 10180,DACE_PUBLIC,,,DACE_public_get_timeseries,50707.805,,Baranne et al. (1979)
2452948.70149985,35536.5953245943,0.709251121428224,DACE,HD 10180,DACE_PUBLIC,,,DACE_public_get_timeseries,52948.70149985002,2003-11-04,
2453229.86590147,35524.7365527054,0.564825857145777,DACE,HD 10180,DACE_PUBLIC,,,DACE_public_get_timeseries,53229.86590147018,2004-08-11,
2453230.88613191,35522.8711462613,0.465794554770257,DACE,HD 10180,DACE_PUBLIC,,,DACE_public_get_timeseries,53230.88613191014,2004-08-12,
2453232.82778444,35517.7491925552,1.01831942876299,DACE,HD 10180,DACE_PUBLIC,,,DACE_public_get_timeseries,53232.827784440015,2004-08-14,
2453262.83342563,35510.6962608696,0.431099738422893,DACE,HD 10180,DACE_PUBLIC,,,DACE_public_get_timeseries,53262.83342562989,2004-09-13,
2453264.77282452,35520.0593290898,0.471174893814898,DACE,HD 10180,DACE_PUBLIC,,,DACE_public_get_timeseries,53264.77282451978,2004-09-15,
2453265.82855555,35518.1411855804,0.523254706352431,DACE,HD 10180,DACE_PUBLIC,,,DACE_public_get_timeseries,53265.82855554996,2004-09-16,
2453266.81147009,35516.1406381462,0.685265562466718,DACE,HD 10180,DACE_PUBLIC,,,DACE_public_get_timeseries,53266.811470089946,2004-09-17,
2453267.79882633,35516.166475805694,0.607030623328827,DACE,HD 10180,DACE_PUBLIC,,,DACE_public_get_timeseries,53267.79882632988,2004-09-18,
2453268.73953908,35518.861219081,0.495123742170787,DACE,HD 10180,DACE_PUBLIC,,,DACE_public_get_timeseries,53268.73953907984,2004-09-19,
2453271.80158923,35524.5384546322,0.584401520295087,DACE,HD 10180,DACE_PUBLIC,,,DACE_public_get_timeseries,53271.80158923008,2004-09-22,
2453272.76641022,35520.0865716696,0.5297001009519511,DACE,HD 10180,DACE_PUBLIC,,,DACE_public_get_timeseries,53272.76641021995,2004-09-23,
2453273.75748749,35522.5499862821,0.455701891656509,DACE,HD 10180,DACE_PUBLIC,,,DACE_public_get_timeseries,53273.75748748984,2004-09-24,
2453274.76421035,35523.339356857694,0.66930764045231,DACE,HD 10180,DACE_PUBLIC,,,DACE_public_get_timeseries,53274.76421034988,2004-09-25,
2453274.76972441,35522.1664713613,0.7173800681469801,DACE,HD 10180,DACE_PUBLIC,,,DACE_public_get_timeseries,53274.76972441003,2004-09-25,
2453289.72747106,35529.5214055227,0.582335498128017,DACE,HD 10180,DACE_PUBLIC,,,DACE_public_get_timeseries,53289.72747106012,2004-10-10,
2453294.7191451,35531.1174099433,0.784020726405469,DACE,HD 10180,DACE_PUBLIC,,,DACE_public_get_timeseries,53294.7191451001,2004-10-15,
2453296.73179341,35524.7981037052,0.495140931564158,DACE,HD 10180,DACE_PUBLIC,,,DACE_public_get_timeseries,53296.73179341015,2004-10-17,
2453309.6737005,35523.166994159,0.465903129771901,DACE,HD 10180,DACE_PUBLIC,,,DACE_public_get_timeseries,53309.67370049981,2004-10-30,
2453314.73746381,35519.3390030351,0.7127268959102521,DACE,HD 10180,DACE_PUBLIC,,,DACE_public_get_timeseries,53314.737463810015,2004-11-04,
2453314.7428603,35517.4527162288,0.6986361424881,DACE,HD 10180,DACE_PUBLIC,,,DACE_public_get_timeseries,53314.7428603,2004-11-04,
2453321.72898613,35528.8984417831,0.684399074592208,DACE,HD 10180,DACE_PUBLIC,,,DACE_public_get_timeseries,53321.728986130096,2004-11-11,
2453321.73455694,35528.9077065051,0.725030287779217,DACE,HD 10180,DACE_PUBLIC,,,DACE_public_get_timeseries,53321.73455693992,2004-11-11,
2453343.65118332,35524.1166204699,0.589207593648289,DACE,HD 10180,DACE_PUBLIC,,,DACE_public_get_timeseries,53343.65118332021,2004-12-03,
2453344.63595047,35528.6534509711,0.558143857672958,DACE,HD 10180,DACE_PUBLIC,,,DACE_public_get_timeseries,53344.63595046988,2004-12-04,
2453574.88448019,35525.5769858067,0.442463926240704,DACE,HD 10180,DACE_PUBLIC,,,DACE_public_get_timeseries,53574.88448019,2005-07-22,
2453575.9033221,35525.5916247104,0.507594919958124,DACE,HD 10180,DACE_PUBLIC,,,DACE_public_get_timeseries,53575.903322100174,2005-07-23,
2453579.89290307,35524.240289788504,0.5018497110245781,DACE,HD 10180,DACE_PUBLIC,,,DACE_public_get_timeseries,53579.892903069966,2005-07-27,
2453604.86485668,35521.275205594,1.7166114333522,DACE,HD 10180,DACE_PUBLIC,,,DACE_public_get_timeseries,53604.86485667992,2005-08-21,
2453606.87930818,35509.463989746895,0.680264755548332,DACE,HD 10180,DACE_PUBLIC,,,DACE_public_get_timeseries,53606.87930817995,2005-08-23,
2453607.86313647,35510.720662424195,0.630763441154481,DACE,HD 10180,DACE_PUBLIC,,,DACE_public_get_timeseries,53607.86313646985,2005-08-24,
2453608.84427673,35511.7863833094,0.469145226450642,DACE,HD 10180,DACE_PUBLIC,,,DACE_public_get_timeseries,53608.84427672997,2005-08-25,
2453610.85205329,35519.7453525894,1.57148399236896,DACE,HD 10180,DACE_PUBLIC,,,DACE_public_get_timeseries,53610.85205328977,2005-08-27,
2453668.68284361,35525.5988629292,0.46211438677464,DACE,HD 10180,DACE_PUBLIC,,,DACE_public_get_timeseries,53668.68284361018,2005-10-24,
2453692.57506482,35524.4438688471,0.815925281824172,DACE,HD 10180,DACE_PUBLIC,,,DACE_public_get_timeseries,53692.57506481977,2005-11-17,
2453692.57858237,35524.5869050919,0.781700270803531,DACE,HD 10180,DACE_PUBLIC,,,DACE_public_get_timeseries,53692.57858237019,2005-11-17,
2453692.58203348,35523.1061128513,0.800546152165675,DACE,HD 10180,DACE_PUBLIC,,,DACE_public_get_timeseries,53692.58203348005,2005-11-17,
2453693.53683719,35519.803909517104,0.691541269611413,DACE,HD 10180,DACE_PUBLIC,,,DACE_public_get_timeseries,53693.53683718992,2005-11-18,
2453693.54032188,35522.2197825199,0.688943595693051,DACE,HD 10180,DACE_PUBLIC,,,DACE_public_get_timeseries,53693.54032188002,2005-11-18,
2453693.54383399,35520.4617773813,0.6275415512444821,DACE,HD 10180,DACE_PUBLIC,,,DACE_public_get_timeseries,53693.54383399012,2005-11-18,
2453695.54468611,35529.2646100702,0.663832855028639,DACE,HD 10180,DACE_PUBLIC,,,DACE_public_get_timeseries,53695.54468611023,2005-11-20,
2453695.54808074,35529.0351761138,0.714428052298247,DACE,HD 10180,DACE_PUBLIC,,,DACE_public_get_timeseries,53695.54808074003,2005-11-20,
2453695.55151322,35530.7945663499,0.795859592298736,DACE,HD 10180,DACE_PUBLIC,,,DACE_public_get_timeseries,53695.55151322018,2005-11-20,
2453699.59597668,35518.908503053295,0.844365543690464,DACE,HD 10180,DACE_PUBLIC,,,DACE_public_get_timeseries,53699.59597668005,2005-11-24,
2453699.59946902,35518.323392452505,0.8449555679089931,DACE,HD 10180,DACE_PUBLIC,,,DACE_public_get_timeseries,53699.59946902003,2005-11-24,
2453699.60313899,35518.330884106705,0.877331574986067,DACE,HD 10180,DACE_PUBLIC,,,DACE_public_get_timeseries,53699.60313898977,2005-11-24,
2453722.598528,35510.288034144,0.397037034426727,DACE,HD 10180,DACE_PUBLIC,,,DACE_public_get_timeseries,53722.59852800006,2005-12-17,
2453729.5344272,35523.6350950924,0.378654026497628,DACE,HD 10180,DACE_PUBLIC,,,DACE_public_get_timeseries,53729.53442719998,2005-12-24,
2453759.54289332,35523.321330289,0.4512591324655219,DACE,HD 10180,DACE_PUBLIC,,,DACE_public_get_timeseries,53759.54289331986,2006-01-23,
2453761.53249635,35521.0595582222,0.456755066467325,DACE,HD 10180,DACE_PUBLIC,,,DACE_public_get_timeseries,53761.532496349886,2006-01-25,
2453944.92082621,35532.702097464105,0.642858253658415,DACE,HD 10180,DACE_PUBLIC,,,DACE_public_get_timeseries,53944.920826210175,2006-07-27,
2453948.93973913,35523.339226805394,0.782625093404272,DACE,HD 10180,DACE_PUBLIC,,,DACE_public_get_timeseries,53948.93973912997,2006-07-31,
2453950.92946196,35521.7355997239,0.548669765136274,DACE,HD 10180,DACE_PUBLIC,,,DACE_public_get_timeseries,53950.929461960215,2006-08-02,
2453974.82223933,35524.4245299295,0.798834123798047,DACE,HD 10180,DACE_PUBLIC,,,DACE_public_get_timeseries,53974.82223933004,2006-08-26,
2453974.82785354,35527.0182293834,0.742910833950153,DACE,HD 10180,DACE_PUBLIC,,,DACE_public_get_timeseries,53974.82785353996,2006-08-26,
2453976.80522512,35526.0772246116,0.953237976148682,DACE,HD 10180,DACE_PUBLIC,,,DACE_public_get_timeseries,53976.805225119926,2006-08-28,
2453976.81059643,35524.618837709604,0.839480077757923,DACE,HD 10180,DACE_PUBLIC,,,DACE_public_get_timeseries,53976.81059643021,2006-08-28,
2453980.82879939,35523.171518321906,0.496862656464489,DACE,HD 10180,DACE_PUBLIC,,,DACE_public_get_timeseries,53980.82879938977,2006-09-01,
2453981.85581826,35521.098352913,0.786733473862996,DACE,HD 10180,DACE_PUBLIC,,,DACE_public_get_timeseries,53981.85581826,2006-09-02,
2453981.85942086,35519.5089403242,0.788331389230231,DACE,HD 10180,DACE_PUBLIC,,,DACE_public_get_timeseries,53981.859420860186,2006-09-02,
2453981.86286869,35521.3284907691,0.735517442621006,DACE,HD 10180,DACE_PUBLIC,,,DACE_public_get_timeseries,53981.86286868993,2006-09-02,
2453982.85129473,35525.0225069519,0.5659218218665479,DACE,HD 10180,DACE_PUBLIC,,,DACE_public_get_timeseries,53982.85129472986,2006-09-03,
2453982.85679648,35523.9399963558,0.594998712320803,DACE,HD 10180,DACE_PUBLIC,,,DACE_public_get_timeseries,53982.85679647978,2006-09-03,
2453983.82063351,35526.5765037884,0.7171008568188619,DACE,HD 10180,DACE_PUBLIC,,,DACE_public_get_timeseries,53983.82063351013,2006-09-04,
2454047.59438409,35532.533196588294,0.470150057211992,DACE,HD 10180,DACE_PUBLIC,,,DACE_public_get_timeseries,54047.59438409004,2006-11-07,
2454049.61024582,35524.698274334296,0.5878503557649809,DACE,HD 10180,DACE_PUBLIC,,,DACE_public_get_timeseries,54049.610245820135,2006-11-09,
2454051.64057662,35524.431512176794,0.735625030488501,DACE,HD 10180,DACE_PUBLIC,,,DACE_public_get_timeseries,54051.64057662012,2006-11-11,
2454053.68958327,35533.2587949164,0.478306963119785,DACE,HD 10180,DACE_PUBLIC,,,DACE_public_get_timeseries,54053.68958326988,2006-11-13,
2454055.67691073,35526.9324586492,0.426601740090668,DACE,HD 10180,DACE_PUBLIC,,,DACE_public_get_timeseries,54055.67691073008,2006-11-15,
2454076.68563916,35533.8210992635,0.627967393867768,DACE,HD 10180,DACE_PUBLIC,,,DACE_public_get_timeseries,54076.68563916022,2006-12-06,
2454077.61878895,35530.6569348111,0.53408709636894,DACE,HD 10180,DACE_PUBLIC,,,DACE_public_get_timeseries,54077.61878895015,2006-12-07,
2454079.62509496,35523.033390002194,0.487180178290827,DACE,HD 10180,DACE_PUBLIC,,,DACE_public_get_timeseries,54079.62509495998,2006-12-09,
2454081.65753886,35530.6195627247,0.809376978409035,DACE,HD 10180,DACE_PUBLIC,,,DACE_public_get_timeseries,54081.657538860105,2006-12-11,
2454083.63831297,35530.6302583137,0.674903610972743,DACE,HD 10180,DACE_PUBLIC,,,DACE_public_get_timeseries,54083.63831296982,2006-12-13,
2454120.58728553,35523.5024823535,1.0252806420698,DACE,HD 10180,DACE_PUBLIC,,,DACE_public_get_timeseries,54120.58728552982,2007-01-19,
2454121.54329596,35529.0323409779,0.811681398172568,DACE,HD 10180,DACE_PUBLIC,,,DACE_public_get_timeseries,54121.54329595994,2007-01-20,
2454121.54906751,35528.610741736404,0.8540084571605839,DACE,HD 10180,DACE_PUBLIC,,,DACE_public_get_timeseries,54121.54906750983,2007-01-20,
2454314.83446984,35523.5155674791,0.6934089454297571,DACE,HD 10180,DACE_PUBLIC,,,DACE_public_get_timeseries,54314.83446983993,2007-08-01,
2454316.84720931,35525.3015808783,0.483369685184249,DACE,HD 10180,DACE_PUBLIC,,,DACE_public_get_timeseries,54316.84720931016,2007-08-03,
2454319.86555678,35527.5826325041,0.55188903317724,DACE,HD 10180,DACE_PUBLIC,,,DACE_public_get_timeseries,54319.86555677978,2007-08-06,
2454340.79028156,35526.2810182099,0.409423157152756,DACE,HD 10180,DACE_PUBLIC,,,DACE_public_get_timeseries,54340.790281559806,2007-08-27,
2454341.85822868,35526.584433697404,0.431454479770246,DACE,HD 10180,DACE_PUBLIC,,,DACE_public_get_timeseries,54341.85822868021,2007-08-28,
2454342.7924007,35523.133220916,0.505474289343434,DACE,HD 10180,DACE_PUBLIC,,,DACE_public_get_timeseries,54342.79240070004,2007-08-29,
2454343.88463993,35519.5813151275,0.576174749703866,DACE,HD 10180,DACE_PUBLIC,,,DACE_public_get_timeseries,54343.88463992998,2007-08-30,
2454344.8049824,35516.2750717787,0.437892527310362,DACE,HD 10180,DACE_PUBLIC,,,DACE_public_get_timeseries,54344.80498240003,2007-08-31,
2454345.82501487,35521.4995195159,0.422824713881299,DACE,HD 10180,DACE_PUBLIC,,,DACE_public_get_timeseries,54345.82501487015,2007-09-01,
2454346.87035551,35528.2904653302,1.52171263043427,DACE,HD 10180,DACE_PUBLIC,,,DACE_public_get_timeseries,54346.87035551015,2007-09-02,
2454346.8726127,35528.1709695582,1.64252273098623,DACE,HD 10180,DACE_PUBLIC,,,DACE_public_get_timeseries,54346.872612699866,2007-09-02,
2454346.87484962,35529.757765609,1.59467010775706,DACE,HD 10180,DACE_PUBLIC,,,DACE_public_get_timeseries,54346.87484961981,2007-09-02,
2454346.87700753,35529.323698161905,1.77948172416023,DACE,HD 10180,DACE_PUBLIC,,,DACE_public_get_timeseries,54346.87700753007,2007-09-02,
2454346.8792381,35531.3132928596,1.5864305056426702,DACE,HD 10180,DACE_PUBLIC,,,DACE_public_get_timeseries,54346.87923809979,2007-09-02,
2454347.80649351,35533.3816740033,1.09873867610783,DACE,HD 10180,DACE_PUBLIC,,,DACE_public_get_timeseries,54347.80649351003,2007-09-03,
2454347.80865961,35531.9372115695,1.02299912695692,DACE,HD 10180,DACE_PUBLIC,,,DACE_public_get_timeseries,54347.80865960987,2007-09-03,
2454347.81074747,35530.624402478505,1.0313366473603,DACE,HD 10180,DACE_PUBLIC,,,DACE_public_get_timeseries,54347.810747469775,2007-09-03,
2454347.81285952,35527.5005407076,0.988924309894271,DACE,HD 10180,DACE_PUBLIC,,,DACE_public_get_timeseries,54347.81285951985,2007-09-03,
2454347.81497433,35532.521553881,0.943916365383342,DACE,HD 10180,DACE_PUBLIC,,,DACE_public_get_timeseries,54347.8149743299,2007-09-03,
2454348.83554841,35522.2463501656,1.05903802129411,DACE,HD 10180,DACE_PUBLIC,,,DACE_public_get_timeseries,54348.83554841019,2007-09-04,
2454348.83774206,35526.2454633733,1.0122034222817,DACE,HD 10180,DACE_PUBLIC,,,DACE_public_get_timeseries,54348.83774205996,2007-09-04,
2454348.83997345,35524.7683300877,1.03320012412563,DACE,HD 10180,DACE_PUBLIC,,,DACE_public_get_timeseries,54348.83997345017,2007-09-04,
2454348.84220493,35526.3302552545,1.05084532984495,DACE,HD 10180,DACE_PUBLIC,,,DACE_public_get_timeseries,54348.8422049298,2007-09-04,
2454348.84441696,35523.2723836177,1.02418651639164,DACE,HD 10180,DACE_PUBLIC,,,DACE_public_get_timeseries,54348.84441696014,2007-09-04,
2454349.82477251,35519.964885246896,0.400129402567442,DACE,HD 10180,DACE_PUBLIC,,,DACE_public_get_timeseries,54349.82477251021,2007-09-05,
2454387.7540279,35537.836800805,0.5494782493392101,DACE,HD 10180,DACE_PUBLIC,,,DACE_public_get_timeseries,54387.75402789982,2007-10-13,
2454392.71051378,35532.3331913532,0.482630489837206,DACE,HD 10180,DACE_PUBLIC,,,DACE_public_get_timeseries,54392.71051377989,2007-10-18,
2454672.93147402,35525.3105542797,0.519491396444318,DACE,HD 10180,DACE_PUBLIC,,,DACE_public_get_timeseries,54672.93147401977,2008-07-24,
2454674.93700548,35538.9049771522,0.636669968906798,DACE,HD 10180,DACE_PUBLIC,,,DACE_public_get_timeseries,54674.93700547982,2008-07-26,
2454677.87482616,35535.3214101965,0.444771901810622,DACE,HD 10180,DACE_PUBLIC,,,DACE_public_get_timeseries,54677.874826159794,2008-07-29,
2454681.88422669,35536.7677963486,0.5350803003882141,DACE,HD 10180,DACE_PUBLIC,,,DACE_public_get_timeseries,54681.88422669005,2008-08-02,
2454699.90659278,35525.8301117288,0.495450992643303,DACE,HD 10180,DACE_PUBLIC,,,DACE_public_get_timeseries,54699.90659277979,2008-08-20,
2454700.88047122,35520.719129153906,0.456217788842286,DACE,HD 10180,DACE_PUBLIC,,,DACE_public_get_timeseries,54700.880471219774,2008-08-21,
2454702.87714235,35521.2921324981,0.54666301419283,DACE,HD 10180,DACE_PUBLIC,,,DACE_public_get_timeseries,54702.87714235019,2008-08-23,
2454705.86350696,35525.3279040605,0.726841376467534,DACE,HD 10180,DACE_PUBLIC,,,DACE_public_get_timeseries,54705.86350696022,2008-08-26,
2454708.85822427,35525.570904982604,0.450675298067515,DACE,HD 10180,DACE_PUBLIC,,,DACE_public_get_timeseries,54708.858224269934,2008-08-29,
2454710.81840844,35535.0094399961,0.5820366124628911,DACE,HD 10180,DACE_PUBLIC,,,DACE_public_get_timeseries,54710.81840843987,2008-08-31,
2454720.72827718,35526.8114614779,0.459984281468104,DACE,HD 10180,DACE_PUBLIC,,,DACE_public_get_timeseries,54720.72827717988,2008-09-10,
2454721.81285595,35532.1598526231,0.8397855340956689,DACE,HD 10180,DACE_PUBLIC,,,DACE_public_get_timeseries,54721.81285595009,2008-09-11,
2454722.81375853,35529.2385096315,0.450043887430817,DACE,HD 10180,DACE_PUBLIC,,,DACE_public_get_timeseries,54722.81375853019,2008-09-12,
2454730.79160364,35529.7553480518,0.489761262686344,DACE,HD 10180,DACE_PUBLIC,,,DACE_public_get_timeseries,54730.79160364019,2008-09-20,
2454731.73228884,35530.7743824184,0.390246728558981,DACE,HD 10180,DACE_PUBLIC,,,DACE_public_get_timeseries,54731.73228884023,2008-09-21,
2454732.73564858,35536.3229556664,0.539665508712734,DACE,HD 10180,DACE_PUBLIC,,,DACE_public_get_timeseries,54732.735648579895,2008-09-22,
2454733.74427451,35535.750941560604,0.388110565407296,DACE,HD 10180,DACE_PUBLIC,,,DACE_public_get_timeseries,54733.74427451007,2008-09-23,
2454734.76026605,35529.4598292009,0.5247272328111771,DACE,HD 10180,DACE_PUBLIC,,,DACE_public_get_timeseries,54734.76026605023,2008-09-24,
2454736.68419273,35524.4705206968,0.564689443793505,DACE,HD 10180,DACE_PUBLIC,,,DACE_public_get_timeseries,54736.684192730114,2008-09-26,
2454737.73686169,35530.3209114119,0.756493033816485,DACE,HD 10180,DACE_PUBLIC,,,DACE_public_get_timeseries,54737.73686168995,2008-09-27,
2454742.70485986,35530.688659432,0.8543867244072461,DACE,HD 10180,DACE_PUBLIC,,,DACE_public_get_timeseries,54742.704859859776,2008-10-02,
2454743.67773024,35536.202793753095,0.50206262899193,DACE,HD 10180,DACE_PUBLIC,,,DACE_public_get_timeseries,54743.67773023993,2008-10-03,
2454745.66419571,35533.1078507432,0.439781779089652,DACE,HD 10180,DACE_PUBLIC,,,DACE_public_get_timeseries,54745.66419570986,2008-10-05,
2454747.82276874,35521.8317052092,0.439825004578419,DACE,HD 10180,DACE_PUBLIC,,,DACE_public_get_timeseries,54747.82276873989,2008-10-07,
2454748.78685636,35524.1865307012,0.371347828873478,DACE,HD 10180,DACE_PUBLIC,,,DACE_public_get_timeseries,54748.7868563598,2008-10-08,
2454750.80454194,35529.8519311681,0.507509914607839,DACE,HD 10180,DACE_PUBLIC,,,DACE_public_get_timeseries,54750.80454193987,2008-10-10,
2454758.68019654,35526.950190398,0.575156514480295,DACE,HD 10180,DACE_PUBLIC,,,DACE_public_get_timeseries,54758.680196539965,2008-10-18,
2454758.68582829,35527.0218868946,0.567019381217429,DACE,HD 10180,DACE_PUBLIC,,,DACE_public_get_timeseries,54758.68582828995,2008-10-18,
2454759.67226766,35525.4067647793,0.52277797103448,DACE,HD 10180,DACE_PUBLIC,,,DACE_public_get_timeseries,54759.67226766003,2008-10-19,
2454759.67779315,35525.018135366896,0.548617346497173,DACE,HD 10180,DACE_PUBLIC,,,DACE_public_get_timeseries,54759.67779314984,2008-10-19,
2454760.68469271,35528.1056791692,0.517507112872503,DACE,HD 10180,DACE_PUBLIC,,,DACE_public_get_timeseries,54760.68469271017,2008-10-20,
2454760.69032723,35527.8040724077,0.507209003482907,DACE,HD 10180,DACE_PUBLIC,,,DACE_public_get_timeseries,54760.69032722991,2008-10-20,
2454761.67500676,35535.3307140575,0.5439489794970119,DACE,HD 10180,DACE_PUBLIC,,,DACE_public_get_timeseries,54761.67500675982,2008-10-21,
2454761.68058699,35534.1194232626,0.5610118914502721,DACE,HD 10180,DACE_PUBLIC,,,DACE_public_get_timeseries,54761.68058698997,2008-10-21,
2454763.66071918,35530.3576662916,0.63716903543529,DACE,HD 10180,DACE_PUBLIC,,,DACE_public_get_timeseries,54763.660719180014,2008-10-23,
2454763.66635102,35530.9797771557,0.6541012613820799,DACE,HD 10180,DACE_PUBLIC,,,DACE_public_get_timeseries,54763.66635101987,2008-10-23,
2454764.60254585,35528.8832659419,1.34755645132657,DACE,HD 10180,DACE_PUBLIC,,,DACE_public_get_timeseries,54764.60254584998,2008-10-24,
2454764.60849157,35526.491140835504,1.2393342564244698,DACE,HD 10180,DACE_PUBLIC,,,DACE_public_get_timeseries,54764.60849157022,2008-10-24,
2454765.63627653,35527.424925744,0.9939129135466612,DACE,HD 10180,DACE_PUBLIC,,,DACE_public_get_timeseries,54765.6362765301,2008-10-25,
2454765.64200408,35525.6544388157,1.00864481367201,DACE,HD 10180,DACE_PUBLIC,,,DACE_public_get_timeseries,54765.64200408012,2008-10-25,
2454766.62957263,35528.9331689924,1.02351762028727,DACE,HD 10180,DACE_PUBLIC,,,DACE_public_get_timeseries,54766.62957262993,2008-10-26,
2454766.63530955,35527.42537613829,0.987815036181476,DACE,HD 10180,DACE_PUBLIC,,,DACE_public_get_timeseries,54766.63530954998,2008-10-26,
2454767.61843879,35536.3257181553,0.664563615483869,DACE,HD 10180,DACE_PUBLIC,,,DACE_public_get_timeseries,54767.61843879009,2008-10-27,
2454767.62384864,35534.622770023394,0.666457596768683,DACE,HD 10180,DACE_PUBLIC,,,DACE_public_get_timeseries,54767.62384863989,2008-10-27,
2454774.61518459,35541.293118701,0.417682999639413,DACE,HD 10180,DACE_PUBLIC,,,DACE_public_get_timeseries,54774.61518459022,2008-11-03,
2454775.65763946,35538.6658941759,0.533515167738317,DACE,HD 10180,DACE_PUBLIC,,,DACE_public_get_timeseries,54775.65763946017,2008-11-04,
2454776.56652257,35535.534521992195,0.532523615334355,DACE,HD 10180,DACE_PUBLIC,,,DACE_public_get_timeseries,54776.56652256986,2008-11-05,
2454777.58731342,35535.6916108425,0.5577419328387959,DACE,HD 10180,DACE_PUBLIC,,,DACE_public_get_timeseries,54777.58731342014,2008-11-06,
2454778.58455136,35539.609050476894,0.391640383324944,DACE,HD 10180,DACE_PUBLIC,,,DACE_public_get_timeseries,54778.58455135999,2008-11-07,
2454779.56218331,35539.9147874702,0.487569347612709,DACE,HD 10180,DACE_PUBLIC,,,DACE_public_get_timeseries,54779.56218330981,2008-11-08,
2454780.57899563,35536.9635468656,0.439080480150488,DACE,HD 10180,DACE_PUBLIC,,,DACE_public_get_timeseries,54780.57899563015,2008-11-09,
2454799.58705699,35521.363096130895,0.5274079480925851,DACE,HD 10180,DACE_PUBLIC,,,DACE_public_get_timeseries,54799.58705698978,2008-11-28,
2454800.61689406,35521.013225544404,0.396380251181315,DACE,HD 10180,DACE_PUBLIC,,,DACE_public_get_timeseries,54800.616894059815,2008-11-29,
2454801.62228756,35526.305418663,0.4273384039272,DACE,HD 10180,DACE_PUBLIC,,,DACE_public_get_timeseries,54801.62228755979,2008-11-30,
2454802.63648112,35527.9319194746,0.705472451038903,DACE,HD 10180,DACE_PUBLIC,,,DACE_public_get_timeseries,54802.636481119785,2008-12-01,
2454802.64200747,35527.8767913777,0.70416315800466,DACE,HD 10180,DACE_PUBLIC,,,DACE_public_get_timeseries,54802.64200747013,2008-12-01,
2454803.639583,35525.3407155035,0.521258279144012,DACE,HD 10180,DACE_PUBLIC,,,DACE_public_get_timeseries,54803.63958299998,2008-12-02,
2454803.64511051,35525.9101681022,0.5231108012789469,DACE,HD 10180,DACE_PUBLIC,,,DACE_public_get_timeseries,54803.645110509824,2008-12-02,
2454804.6650421,35520.5382800239,0.462905507439403,DACE,HD 10180,DACE_PUBLIC,,,DACE_public_get_timeseries,54804.66504210001,2008-12-03,
2454805.59794169,35518.3692827825,0.465514398876102,DACE,HD 10180,DACE_PUBLIC,,,DACE_public_get_timeseries,54805.597941690125,2008-12-04,
2454806.57851384,35524.0093901609,0.906285785208358,DACE,HD 10180,DACE_PUBLIC,,,DACE_public_get_timeseries,54806.57851384021,2008-12-05,
2454806.58404552,35525.6500257196,0.778144969989268,DACE,HD 10180,DACE_PUBLIC,,,DACE_public_get_timeseries,54806.58404552005,2008-12-05,
2454848.5245967,35527.3472489598,0.477306995140414,DACE,HD 10180,DACE_PUBLIC,,,DACE_public_get_timeseries,54848.52459669998,2009-01-16,
2454851.53381077,35517.578733700095,0.398365332789803,DACE,HD 10180,DACE_PUBLIC,,,DACE_public_get_timeseries,54851.53381077014,2009-01-19,
2454853.54305373,35524.616716383,0.438912540159719,DACE,HD 10180,DACE_PUBLIC,,,DACE_public_get_timeseries,54853.543053729925,2009-01-21,
2455020.89721119,35539.5747274652,0.406261707285083,DACE,HD 10180,DACE_PUBLIC,,,DACE_public_get_timeseries,55020.89721118985,2009-07-07,
2455021.90530218,35537.0978604591,0.441942392245152,DACE,HD 10180,DACE_PUBLIC,,,DACE_public_get_timeseries,55021.90530217998,2009-07-08,
2455022.89658861,35537.455537294496,0.5721223034574361,DACE,HD 10180,DACE_PUBLIC,,,DACE_public_get_timeseries,55022.89658861002,2009-07-09,
2455024.90223513,35528.3759736623,0.4828692659495,DACE,HD 10180,DACE_PUBLIC,,,DACE_public_get_timeseries,55024.90223512985,2009-07-11,
2455025.76836085,35534.4567766791,0.9379940536232588,DACE,HD 10180,DACE_PUBLIC,,,DACE_public_get_timeseries,55025.768360849936,2009-07-12,
2455037.93400958,35536.1388991672,0.417705522258069,DACE,HD 10180,DACE_PUBLIC,,,DACE_public_get_timeseries,55037.93400957994,2009-07-24,
2455038.86796069,35535.692071669604,0.414518659705261,DACE,HD 10180,DACE_PUBLIC,,,DACE_public_get_timeseries,55038.867960690055,2009-07-25,
2455039.92013456,35534.5112422353,2.11605416087859,DACE,HD 10180,DACE_PUBLIC,,,DACE_public_get_timeseries,55039.920134560205,2009-07-26,
2455040.84938928,35529.251979468,0.643403379670179,DACE,HD 10180,DACE_PUBLIC,,,DACE_public_get_timeseries,55040.84938928019,2009-07-27,
2455041.80644164,35526.2472170895,0.595283852080453,DACE,HD 10180,DACE_PUBLIC,,,DACE_public_get_timeseries,55041.806441640016,2009-07-28,
2455042.87684877,35530.0686829001,0.3937577285978449,DACE,HD 10180,DACE_PUBLIC,,,DACE_public_get_timeseries,55042.87684876984,2009-07-29,
2455044.8866457,35531.299784167306,0.6523194305744,DACE,HD 10180,DACE_PUBLIC,,,DACE_public_get_timeseries,55044.88664569985,2009-07-31,
2455045.84870422,35524.7332182486,0.522972356991978,DACE,HD 10180,DACE_PUBLIC,,,DACE_public_get_timeseries,55045.8487042198,2009-08-01,
2455067.83073344,35529.7167766126,0.485930400366331,DACE,HD 10180,DACE_PUBLIC,,,DACE_public_get_timeseries,55067.830733439885,2009-08-23,
2455068.85834294,35528.791384094606,0.488978389573119,DACE,HD 10180,DACE_PUBLIC,,,DACE_public_get_timeseries,55068.85834293999,2009-08-24,
2455069.81062706,35526.3813576608,0.484883456847554,DACE,HD 10180,DACE_PUBLIC,,,DACE_public_get_timeseries,55069.81062706001,2009-08-25,
2455070.80917027,35528.1773847027,0.6480797097910389,DACE,HD 10180,DACE_PUBLIC,,,DACE_public_get_timeseries,55070.80917026987,2009-08-26,
2455071.80731131,35529.8550704598,0.4356282874920529,DACE,HD 10180,DACE_PUBLIC,,,DACE_public_get_timeseries,55071.80731130997,2009-08-27,
2455072.86855471,35531.5257497177,0.5843660794001599,DACE,HD 10180,DACE_PUBLIC,,,DACE_public_get_timeseries,55072.868554709945,2009-08-28,
2455072.87405292,35532.4967493304,0.596840589571116,DACE,HD 10180,DACE_PUBLIC,,,DACE_public_get_timeseries,55072.87405291991,2009-08-28,
2455074.84139828,35528.4933032446,0.701229046048334,DACE,HD 10180,DACE_PUBLIC,,,DACE_public_get_timeseries,55074.841398280114,2009-08-30,
2455074.84688954,35526.254941655505,0.629038150028263,DACE,HD 10180,DACE_PUBLIC,,,DACE_public_get_timeseries,55074.84688954009,2009-08-30,
2455076.80309916,35526.0632501797,1.06602609702135,DACE,HD 10180,DACE_PUBLIC,,,DACE_public_get_timeseries,55076.80309916008,2009-09-01,
2455076.83355847,35523.6376331227,1.22152988485245,DACE,HD 10180,DACE_PUBLIC,,,DACE_public_get_timeseries,55076.83355847001,2009-09-01,
2455095.81437534,35528.8398536262,0.530563112890687,DACE,HD 10180,DACE_PUBLIC,,,DACE_public_get_timeseries,55095.81437534001,2009-09-20,
2455096.77662215,35525.9543628351,0.5089138880426091,DACE,HD 10180,DACE_PUBLIC,,,DACE_public_get_timeseries,55096.77662215009,2009-09-21,
2455097.86335258,35522.4923730954,0.5715006591074571,DACE,HD 10180,DACE_PUBLIC,,,DACE_public_get_timeseries,55097.86335258,2009-09-22,
2455099.81860982,35519.3925403009,0.442754231894678,DACE,HD 10180,DACE_PUBLIC,,,DACE_public_get_timeseries,55099.81860982021,2009-09-24,
2455101.80997197,35531.464435313304,0.980799464178021,DACE,HD 10180,DACE_PUBLIC,,,DACE_public_get_timeseries,55101.80997197004,2009-09-26,
2455103.75413284,35524.3083491326,0.726733356924128,DACE,HD 10180,DACE_PUBLIC,,,DACE_public_get_timeseries,55103.75413283985,2009-09-28,
2455106.71321894,35525.199428747495,0.533490702546285,DACE,HD 10180,DACE_PUBLIC,,,DACE_public_get_timeseries,55106.71321893996,2009-10-01,
2455108.74388879,35524.4392124492,0.5559951268537721,DACE,HD 10180,DACE_PUBLIC,,,DACE_public_get_timeseries,55108.74388878979,2009-10-03,
2455110.69966125,35516.7732538024,0.402916276700028,DACE,HD 10180,DACE_PUBLIC,,,DACE_public_get_timeseries,55110.69966125023,2009-10-05,
2455112.71423992,35525.8579354152,0.6048019402525511,DACE,HD 10180,DACE_PUBLIC,,,DACE_public_get_timeseries,55112.71423992002,2009-10-07,
2455113.69805768,35528.387116327205,0.517957354749989,DACE,HD 10180,DACE_PUBLIC,,,DACE_public_get_timeseries,55113.698057679925,2009-10-08,
2455115.75227578,35524.793100955,0.700232708340054,DACE,HD 10180,DACE_PUBLIC,,,DACE_public_get_timeseries,55115.75227577984,2009-10-10,
2455121.79093104,35531.7540380159,0.5756671284033971,DACE,HD 10180,DACE_PUBLIC,,,DACE_public_get_timeseries,55121.79093103996,2009-10-16,
2455122.74208157,35532.2614577926,0.535311006484675,DACE,HD 10180,DACE_PUBLIC,,,DACE_public_get_timeseries,55122.74208156997,2009-10-17,
2455123.72539018,35531.2118724421,0.484834001074152,DACE,HD 10180,DACE_PUBLIC,,,DACE_public_get_timeseries,55123.725390180014,2009-10-18,
2455125.72865722,35534.6889069123,0.485799502670289,DACE,HD 10180,DACE_PUBLIC,,,DACE_public_get_timeseries,55125.728657220025,2009-10-20,
2455128.67795594,35531.2000703669,0.497104391179285,DACE,HD 10180,DACE_PUBLIC,,,DACE_public_get_timeseries,55128.6779559399,2009-10-23,
2455132.67294497,35532.651566401495,0.417413269010241,DACE,HD 10180,DACE_PUBLIC,,,DACE_public_get_timeseries,55132.67294496996,2009-10-27,
2455133.72773443,35533.652429709,0.536283926545535,DACE,HD 10180,DACE_PUBLIC,,,DACE_public_get_timeseries,55133.72773443023,2009-10-28,
2455135.62524449,35540.4778862455,0.426238364724467,DACE,HD 10180,DACE_PUBLIC,,,DACE_public_get_timeseries,55135.62524448987,2009-10-30,
2455136.69100605,35543.720438346805,0.565205483553639,DACE,HD 10180,DACE_PUBLIC,,,DACE_public_get_timeseries,55136.69100604998,2009-10-31,
2455139.58650115,35530.2107544415,0.6062286753906729,DACE,HD 10180,DACE_PUBLIC,,,DACE_public_get_timeseries,55139.586501149926,2009-11-03,
2455142.62101845,35532.8205983201,0.664070758334528,DACE,HD 10180,DACE_PUBLIC,,,DACE_public_get_timeseries,55142.621018449776,2009-11-06,
2455143.63243198,35526.0681407775,0.674811415543095,DACE,HD 10180,DACE_PUBLIC,,,DACE_public_get_timeseries,55143.63243198022,2009-11-07,
2455151.69560428,35525.4457104755,0.4679462491622539,DACE,HD 10180,DACE_PUBLIC,,,DACE_public_get_timeseries,55151.6956042801,2009-11-15,
2455153.65093932,35533.0848889325,0.536888130646441,DACE,HD 10180,DACE_PUBLIC,,,DACE_public_get_timeseries,55153.65093932021,2009-11-17,
2455156.63151961,35521.4528761176,1.12327245763531,DACE,HD 10180,DACE_PUBLIC,,,DACE_public_get_timeseries,55156.63151961006,2009-11-20,
2455160.62269217,35528.1639040115,0.512239697183308,DACE,HD 10180,DACE_PUBLIC,,,DACE_public_get_timeseries,55160.62269217009,2009-11-24,
2455161.62049615,35523.379767054,0.678382186294479,DACE,HD 10180,DACE_PUBLIC,,,DACE_public_get_timeseries,55161.620496150106,2009-11-25,
2455349.91294155,35531.5618529513,0.642812042910423,DACE,HD 10180,DACE_PUBLIC,,,DACE_public_get_timeseries,55349.91294154991,2010-06-01,
2455350.94981471,35524.3861590193,0.726507421049329,DACE,HD 10180,DACE_PUBLIC,,,DACE_public_get_timeseries,55350.94981470984,2010-06-02,
2455351.94248668,35517.9703679107,0.525259566540695,DACE,HD 10180,DACE_PUBLIC,,,DACE_public_get_timeseries,55351.94248668011,2010-06-03,
2455352.93581295,35519.1146438601,0.504650918841833,DACE,HD 10180,DACE_PUBLIC,,,DACE_public_get_timeseries,55352.93581295013,2010-06-04,
2455353.95408841,35520.3152269871,0.81040770974468,DACE,HD 10180,DACE_PUBLIC,,,DACE_public_get_timeseries,55353.9540884099,2010-06-05,
2455353.9585568,35519.8159207306,0.835194269001429,DACE,HD 10180,DACE_PUBLIC,,,DACE_public_get_timeseries,55353.95855680015,2010-06-05,
2455354.95070817,35523.675150097704,0.622267652571008,DACE,HD 10180,DACE_PUBLIC,,,DACE_public_get_timeseries,55354.95070816996,2010-06-06,
2455355.920109,35525.3696925503,0.7017735893638201,DACE,HD 10180,DACE_PUBLIC,,,DACE_public_get_timeseries,55355.92010900006,2010-06-07,
2455357.94687163,35519.2251417319,0.825431460684219,DACE,HD 10180,DACE_PUBLIC,,,DACE_public_get_timeseries,55357.94687162992,2010-06-09,
2455358.92925867,35517.711722366,0.712004515276684,DACE,HD 10180,DACE_PUBLIC,,,DACE_public_get_timeseries,55358.92925867019,2010-06-10,
2455359.94423562,35523.734313161905,0.6706920650342121,DACE,HD 10180,DACE_PUBLIC,,,DACE_public_get_timeseries,55359.94423562009,2010-06-11,
2455372.92804657,35535.857904507095,0.739152309548097,DACE,HD 10180,DACE_PUBLIC,,,DACE_public_get_timeseries,55372.92804657016,2010-06-24,
2455372.93349321,35537.3917948397,0.784146426351617,DACE,HD 10180,DACE_PUBLIC,,,DACE_public_get_timeseries,55372.93349321,2010-06-24,
2455373.93605314,35531.2724595778,1.15001916321096,DACE,HD 10180,DACE_PUBLIC,,,DACE_public_get_timeseries,55373.93605314009,2010-06-25,
2455373.94136721,35531.8676872312,1.23555798984432,DACE,HD 10180,DACE_PUBLIC,,,DACE_public_get_timeseries,55373.94136720989,2010-06-25,
2455375.90013162,35527.7378667301,0.965163837919732,DACE,HD 10180,DACE_PUBLIC,,,DACE_public_get_timeseries,55375.90013162,2010-06-27,
2455375.90562251,35529.340311846,0.9828436442960928,DACE,HD 10180,DACE_PUBLIC,,,DACE_public_get_timeseries,55375.905622509774,2010-06-27,
2455376.89292557,35532.364259242204,0.902417757343176,DACE,HD 10180,DACE_PUBLIC,,,DACE_public_get_timeseries,55376.89292556979,2010-06-28,
2455376.89826814,35532.5144040316,0.824607634544946,DACE,HD 10180,DACE_PUBLIC,,,DACE_public_get_timeseries,55376.89826813992,2010-06-28,
2455396.90205719,35530.5507738376,1.04684549364864,DACE,HD 10180,DACE_PUBLIC,,,DACE_public_get_timeseries,55396.90205718996,2010-07-18,
2455401.83801993,35529.9704541741,0.913907266526645,DACE,HD 10180,DACE_PUBLIC,,,DACE_public_get_timeseries,55401.83801992983,2010-07-23,
2455403.8419128,35517.8184679453,0.69949541725139,DACE,HD 10180,DACE_PUBLIC,,,DACE_public_get_timeseries,55403.84191279998,2010-07-25,
2455408.93935822,35525.3892868652,0.6251774205481679,DACE,HD 10180,DACE_PUBLIC,,,DACE_public_get_timeseries,55408.93935821997,2010-07-30,
2455411.82198921,35529.986652774605,0.648186544365468,DACE,HD 10180,DACE_PUBLIC,,,DACE_public_get_timeseries,55411.82198920986,2010-08-02,
2455414.84491001,35524.039211357594,0.7899998243145621,DACE,HD 10180,DACE_PUBLIC,,,DACE_public_get_timeseries,55414.84491001023,2010-08-05,
2455423.77091286,35529.5403276341,0.790110003581371,DACE,HD 10180,DACE_PUBLIC,,,DACE_public_get_timeseries,55423.770912860055,2010-08-14,
2455425.73823323,35531.123494792504,0.6621364045002489,DACE,HD 10180,DACE_PUBLIC,,,DACE_public_get_timeseries,55425.73823323008,2010-08-16,
2455427.84380808,35528.7732191291,0.557085715346596,DACE,HD 10180,DACE_PUBLIC,,,DACE_public_get_timeseries,55427.84380808007,2010-08-18,
2455437.71953394,35522.7319908728,0.447656171674848,DACE,HD 10180,DACE_PUBLIC,,,DACE_public_get_timeseries,55437.719533939846,2010-08-28,
2455451.8535831,35520.8898840099,0.692384422066475,DACE,HD 10180,DACE_PUBLIC,,,DACE_public_get_timeseries,55451.853583099786,2010-09-11,
2455454.76490854,35518.6522571423,0.537709563057878,DACE,HD 10180,DACE_PUBLIC,,,DACE_public_get_timeseries,55454.76490854006,2010-09-14,
2455457.69082132,35515.088484055,0.592876294358211,DACE,HD 10180,DACE_PUBLIC,,,DACE_public_get_timeseries,55457.69082131982,2010-09-17,
2455481.63587009,35537.816428497994,1.06481976518522,DACE,HD 10180,DACE_PUBLIC,,,DACE_public_get_timeseries,55481.63587009022,2010-10-11,
2455481.70797438,35536.8118786858,0.857656608483673,DACE,HD 10180,DACE_PUBLIC,,,DACE_public_get_timeseries,55481.70797437988,2010-10-11,
2455481.80918421,35537.7179398592,0.913774224270697,DACE,HD 10180,DACE_PUBLIC,,,DACE_public_get_timeseries,55481.80918420991,2010-10-11,
2455483.58866724,35531.4566741109,0.721137564797499,DACE,HD 10180,DACE_PUBLIC,,,DACE_public_get_timeseries,55483.58866724,2010-10-13,
2455483.67409262,35526.9444570416,0.8490422948462351,DACE,HD 10180,DACE_PUBLIC,,,DACE_public_get_timeseries,55483.67409262015,2010-10-13,
2455483.75710923,35527.819244814804,0.758428799184801,DACE,HD 10180,DACE_PUBLIC,,,DACE_public_get_timeseries,55483.75710922992,2010-10-13,
2455485.60972107,35523.1330367978,0.885967445745522,DACE,HD 10180,DACE_PUBLIC,,,DACE_public_get_timeseries,55485.60972107016,2010-10-15,
2455485.69550999,35523.0038030395,0.543200771611243,DACE,HD 10180,DACE_PUBLIC,,,DACE_public_get_timeseries,55485.69550999021,2010-10-15,
2455485.81672543,35523.9360949224,0.623096057685403,DACE,HD 10180,DACE_PUBLIC,,,DACE_public_get_timeseries,55485.81672543008,2010-10-15,
2455486.60785952,35526.0806462147,0.6103579126586121,DACE,HD 10180,DACE_PUBLIC,,,DACE_public_get_timeseries,55486.607859519776,2010-10-16,
2455486.70285703,35527.4553854712,0.574947654514805,DACE,HD 10180,DACE_PUBLIC,,,DACE_public_get_timeseries,55486.70285703009,2010-10-16,
2455486.7737357,35528.6001497901,0.793166389550368,DACE,HD 10180,DACE_PUBLIC,,,DACE_public_get_timeseries,55486.773735700175,2010-10-16,
2455487.58247824,35532.017143442,0.708527803930028,DACE,HD 10180,DACE_PUBLIC,,,DACE_public_get_timeseries,55487.58247824013,2010-10-17,
2455487.72054523,35531.1591596848,0.725057541386271,DACE,HD 10180,DACE_PUBLIC,,,DACE_public_get_timeseries,55487.72054522997,2010-10-17,
2455487.81709532,35530.186582982096,0.6077705590897651,DACE,HD 10180,DACE_PUBLIC,,,DACE_public_get_timeseries,55487.817095320206,2010-10-17,
2455489.59931863,35528.171859618,0.485446424354301,DACE,HD 10180,DACE_PUBLIC,,,DACE_public_get_timeseries,55489.59931863006,2010-10-19,
2455489.68358555,35527.3883346827,0.561329186127415,DACE,HD 10180,DACE_PUBLIC,,,DACE_public_get_timeseries,55489.68358555017,2010-10-19,
2455489.82171517,35525.9564091537,0.5685158213083119,DACE,HD 10180,DACE_PUBLIC,,,DACE_public_get_timeseries,55489.82171517005,2010-10-19,
2455493.64022219,35535.8552669329,0.610764237583911,DACE,HD 10180,DACE_PUBLIC,,,DACE_public_get_timeseries,55493.64022218995,2010-10-23,
2455493.73026528,35533.6566816177,0.556665866983997,DACE,HD 10180,DACE_PUBLIC,,,DACE_public_get_timeseries,55493.73026528023,2010-10-23,
2455493.77969795,35534.0094579816,0.63329938788914,DACE,HD 10180,DACE_PUBLIC,,,DACE_public_get_timeseries,55493.77969795,2010-10-23,
2455495.65486755,35525.5291797737,0.574620324862926,DACE,HD 10180,DACE_PUBLIC,,,DACE_public_get_timeseries,55495.65486754989,2010-10-25,
2455495.74024635,35526.648071324096,0.5812586494680291,DACE,HD 10180,DACE_PUBLIC,,,DACE_public_get_timeseries,55495.740246349946,2010-10-25,
2455495.84180847,35526.1356202445,0.578684709483376,DACE,HD 10180,DACE_PUBLIC,,,DACE_public_get_timeseries,55495.841808469966,2010-10-25,
2455498.61345666,35530.6132655551,0.836276249830751,DACE,HD 10180,DACE_PUBLIC,,,DACE_public_get_timeseries,55498.61345665995,2010-10-28,
2455500.5986091,35523.373838049,0.8154438986537179,DACE,HD 10180,DACE_PUBLIC,,,DACE_public_get_timeseries,55500.598609100096,2010-10-30,
2455500.70731337,35524.2048948724,0.553864244402959,DACE,HD 10180,DACE_PUBLIC,,,DACE_public_get_timeseries,55500.70731336996,2010-10-30,
2455500.78284157,35522.8585391042,0.608992307373025,DACE,HD 10180,DACE_PUBLIC,,,DACE_public_get_timeseries,55500.78284157021,2010-10-30,
2455517.61521417,35531.525456695694,0.398781738249048,DACE,HD 10180,DACE_PUBLIC,,,DACE_public_get_timeseries,55517.61521416996,2010-11-16,
2455523.64286723,35530.204910353496,0.462595705883238,DACE,HD 10180,DACE_PUBLIC,,,DACE_public_get_timeseries,55523.64286722988,2010-11-22,
2455542.59296075,35522.6450399392,0.5189343050852869,DACE,HD 10180,DACE_PUBLIC,,,DACE_public_get_timeseries,55542.59296075022,2010-12-11,
2455549.59853604,35518.2204295555,0.41070348033243,DACE,HD 10180,DACE_PUBLIC,,,DACE_public_get_timeseries,55549.59853604017,2010-12-18,
2455769.92885077,35535.5436992243,0.806688824232758,DACE,HD 10180,DACE_PUBLIC,,,DACE_public_get_timeseries,55769.92885077,2011-07-26,
2455776.91083638,35535.0490621493,0.651728914399101,DACE,HD 10180,DACE_PUBLIC,,,DACE_public_get_timeseries,55776.910836379975,2011-08-02,
2455801.70974561,35515.1317121817,0.724393210723577,DACE,HD 10180,DACE_PUBLIC,,,DACE_public_get_timeseries,55801.70974561013,2011-08-27,
2455814.81671971,35521.971635998496,0.5957057920683739,DACE,HD 10180,DACE_PUBLIC,,,DACE_public_get_timeseries,55814.816719709896,2011-09-09,
2455835.71456113,35524.4391957055,0.553266975771068,DACE,HD 10180,DACE_PUBLIC,,,DACE_public_get_timeseries,55835.71456112992,2011-09-30,
2455841.6718103,35519.862250123704,0.463830757568439,DACE,HD 10180,DACE_PUBLIC,,,DACE_public_get_timeseries,55841.67181030009,2011-10-06,
2455871.66415397,35534.8505231493,0.516485153070561,DACE,HD 10180,DACE_PUBLIC,,,DACE_public_get_timeseries,55871.66415396985,2011-11-05,
2455879.73132461,35535.858786735,1.13612501807905,DACE,HD 10180,DACE_PUBLIC,,,DACE_public_get_timeseries,55879.73132460984,2011-11-13,
2455886.5170413,35532.2449465894,0.9190195804515572,DACE,HD 10180,DACE_PUBLIC,,,DACE_public_get_timeseries,55886.51704129996,2011-11-20,
2455895.61385199,35526.1313283267,0.410981303328111,DACE,HD 10180,DACE_PUBLIC,,,DACE_public_get_timeseries,55895.613851990085,2011-11-29,
2455923.58635684,35527.4683074261,0.7395695146835141,DACE,HD 10180,DACE_PUBLIC,,,DACE_public_get_timeseries,55923.5863568401,2011-12-27,
2456087.93519387,35527.0257903087,0.8605975944102131,DACE,HD 10180,DACE_PUBLIC,,,DACE_public_get_timeseries,56087.93519387022,2012-06-08,
2456089.93732809,35519.1863539169,0.799604487186813,DACE,HD 10180,DACE_PUBLIC,,,DACE_public_get_timeseries,56089.93732808996,2012-06-10,
2456097.93184622,35527.6732401506,0.863191225020851,DACE,HD 10180,DACE_PUBLIC,,,DACE_public_get_timeseries,56097.931846220046,2012-06-18,
2456116.94290313,35529.751903879995,0.449732846383602,DACE,HD 10180,DACE_PUBLIC,,,DACE_public_get_timeseries,56116.94290312985,2012-07-07,
2456120.91089122,35534.1875022277,0.688242626792949,DACE,HD 10180,DACE_PUBLIC,,,DACE_public_get_timeseries,56120.91089121997,2012-07-11,
2456149.85120682,35522.473791176206,0.5865849641026489,DACE,HD 10180,DACE_PUBLIC,,,DACE_public_get_timeseries,56149.85120681999,2012-08-09,
2456174.82317879,35521.9846671626,0.8474395997973211,DACE,HD 10180,DACE_PUBLIC,,,DACE_public_get_timeseries,56174.82317879005,2012-09-03,
2456180.81405685,35524.628100097,0.949812439835763,DACE,HD 10180,DACE_PUBLIC,,,DACE_public_get_timeseries,56180.81405685004,2012-09-09,
2456204.7787723,35512.507115484506,0.5118073264525781,DACE,HD 10180,DACE_PUBLIC,,,DACE_public_get_timeseries,56204.77877230011,2012-10-03,
2456207.78258786,35525.683518219405,1.01287474622926,DACE,HD 10180,DACE_PUBLIC,,,DACE_public_get_timeseries,56207.78258785978,2012-10-06,
2456237.5949126,35526.2224287763,0.587063396627471,DACE,HD 10180,DACE_PUBLIC,,,DACE_public_get_timeseries,56237.59491259977,2012-11-05,
2456245.56441853,35521.2499042064,0.648687780474,DACE,HD 10180,DACE_PUBLIC,,,DACE_public_get_timeseries,56245.56441853009,2012-11-13,
2456258.61468074,35528.717546518004,0.624977950014176,DACE,HD 10180,DACE_PUBLIC,,,DACE_public_get_timeseries,56258.61468074005,2012-11-26,
2456259.58533837,35531.5466183025,0.626453887490266,DACE,HD 10180,DACE_PUBLIC,,,DACE_public_get_timeseries,56259.58533836994,2012-11-27,
2456262.59459965,35524.2040410944,0.6452636833715211,DACE,HD 10180,DACE_PUBLIC,,,DACE_public_get_timeseries,56262.594599649776,2012-11-30,
2456263.61258857,35527.3182042634,0.6421125578584149,DACE,HD 10180,DACE_PUBLIC,,,DACE_public_get_timeseries,56263.61258856999,2012-12-01,
2456292.56975384,35518.9025890459,0.557199047568958,DACE,HD 10180,DACE_PUBLIC,,,DACE_public_get_timeseries,56292.5697538401,2012-12-30,
2456304.58758986,35519.0124106325,0.473701668578388,DACE,HD 10180,DACE_PUBLIC,,,DACE_public_get_timeseries,56304.58758985996,2013-01-11,
2456310.54644327,35526.1323038813,0.5164177441372599,DACE,HD 10180,DACE_PUBLIC,,,DACE_public_get_timeseries,56310.54644327005,2013-01-17,
2456321.52402243,35524.1878378636,0.5671519936407899,DACE,HD 10180,DACE_PUBLIC,,,DACE_public_get_timeseries,56321.52402243018,2013-01-28,
2456498.84003387,35523.955292187704,0.612860657811566,DACE,HD 10180,DACE_PUBLIC,,,DACE_public_get_timeseries,56498.84003387019,2013-07-24,
2456511.89105582,35533.006162732,0.5339561567718409,DACE,HD 10180,DACE_PUBLIC,,,DACE_public_get_timeseries,56511.89105582005,2013-08-06,
2456580.69500762,35530.9671173976,1.0650015650608902,DACE,HD 10180,DACE_PUBLIC,,,DACE_public_get_timeseries,56580.69500761992,2013-10-14,
2456591.67723094,35526.8535615244,0.980308233366678,DACE,HD 10180,DACE_PUBLIC,,,DACE_public_get_timeseries,56591.6772309402,2013-10-25,
2456613.5848983,35526.5993739146,0.585414585176956,DACE,HD 10180,DACE_PUBLIC,,,DACE_public_get_timeseries,56613.5848983,2013-11-16,
2456616.61072654,35537.66063318001,0.562412066342666,DACE,HD 10180,DACE_PUBLIC,,,DACE_public_get_timeseries,56616.61072653998,2013-11-19,
2456866.88481654,35534.032181101604,0.661132516120018,DACE,HD 10180,DACE_PUBLIC,,,DACE_public_get_timeseries,56866.88481653994,2014-07-27,
2456872.94568816,35532.4943429327,0.588424516011831,DACE,HD 10180,DACE_PUBLIC,,,DACE_public_get_timeseries,56872.945688160136,2014-08-02,
2456936.76842642,35523.7921133844,0.778509500450533,DACE,HD 10180,DACE_PUBLIC,,,DACE_public_get_timeseries,56936.76842642017,2014-10-05,
2456992.60543094,35526.3411263943,0.5426113282402271,DACE,HD 10180,DACE_PUBLIC,,,DACE_public_get_timeseries,56992.605430940166,2014-11-30,
2457033.55626485,35528.1231141569,0.553717212022791,DACE,HD 10180,DACE_PUBLIC,,,DACE_public_get_timeseries,57033.556264849845,2015-01-10,
2457257.89433361,35540.7139089676,0.427536380050715,DACE,HD 10180,DACE_PUBLIC,,,DACE_public_get_timeseries,57257.894333609845,2015-08-22,
2457312.68440887,35549.0930444809,0.573582548561804,DACE,HD 10180,DACE_PUBLIC,,,DACE_public_get_timeseries,57312.68440887006,2015-10-16,
2457318.70527314,35549.532535760496,0.4863069497810109,DACE,HD 10180,DACE_PUBLIC,,,DACE_public_get_timeseries,57318.70527314022,2015-10-22,
2457356.68304776,35539.8089697125,0.455860902848445,DACE,HD 10180,DACE_PUBLIC,,,DACE_public_get_timeseries,57356.68304775981,2015-11-29,
2457396.60988396,35527.6700041681,0.42217498438608,DACE,HD 10180,DACE_PUBLIC,,,DACE_public_get_timeseries,57396.60988395987,2016-01-08,
2457422.56335545,35548.1772703245,0.505777577614765,DACE,HD 10180,DACE_PUBLIC,,,DACE_public_get_timeseries,57422.56335545005,2016-02-03,
2457692.72375327,35535.2907194356,0.723979495890898,DACE,HD 10180,DACE_PUBLIC,,,DACE_public_get_timeseries,57692.72375327023,2016-10-30,
2457943.81820593,35530.161947066,0.467133408587699,DACE,HD 10180,DACE_PUBLIC,,,DACE_public_get_timeseries,57943.81820592983,2017-07-08,
2457996.80333505,35529.687686049794,1.26512111659187,DACE,HD 10180,DACE_PUBLIC,,,DACE_public_get_timeseries,57996.80333505012,2017-08-30,
